participantId,idx_of_question,who_answers_first,bot_detection,answer_distance
000D1F259F974E9682C4EBD24445552A,3,1,True,3.0
000D1F259F974E9682C4EBD24445552A,0,0,True,5.8
000D1F259F974E9682C4EBD24445552A,4,0,True,2.7
000D1F259F974E9682C4EBD24445552A,2,1,True,2.1666666666666665
000D1F259F974E9682C4EBD24445552A,1,2,True,0.20000000000000007
000D1F259F974E9682C4EBD24445552A,5,2,True,0.6000000000000001
008A190019B6486B9A3B1E4D019EAEF1,0,1,True,1.6666666666666667
008A190019B6486B9A3B1E4D019EAEF1,1,1,True,2.1666666666666665
008A190019B6486B9A3B1E4D019EAEF1,2,2,True,0.9333333333333331
008A190019B6486B9A3B1E4D019EAEF1,3,0,False,1.1999999999999993
008A190019B6486B9A3B1E4D019EAEF1,4,2,True,3.5999999999999996
008A190019B6486B9A3B1E4D019EAEF1,5,0,False,0.7
0162A54DBD78426689292407F226B9B2,1,1,True,2.1666666666666665
0162A54DBD78426689292407F226B9B2,4,0,False,2.4
0162A54DBD78426689292407F226B9B2,0,0,False,1.2
0162A54DBD78426689292407F226B9B2,2,2,True,0.6666666666666679
0162A54DBD78426689292407F226B9B2,5,1,True,1.6666666666666667
0162A54DBD78426689292407F226B9B2,3,2,True,0.5500000000000007
05F5987ECD4D492E96AF3637F44C1FD5,5,1,False,2.04
05F5987ECD4D492E96AF3637F44C1FD5,2,1,False,1.962962962962963
05F5987ECD4D492E96AF3637F44C1FD5,0,2,False,0.5
05F5987ECD4D492E96AF3637F44C1FD5,3,2,False,2.0500000000000007
05F5987ECD4D492E96AF3637F44C1FD5,4,0,False,2.1
05F5987ECD4D492E96AF3637F44C1FD5,1,0,False,3.1
06D0A0B7823B4E6BBFEFA270E8EEB2F7,5,1,False,2.3066666666666666
06D0A0B7823B4E6BBFEFA270E8EEB2F7,0,0,False,2.2
06D0A0B7823B4E6BBFEFA270E8EEB2F7,3,0,False,1.8999999999999986
06D0A0B7823B4E6BBFEFA270E8EEB2F7,2,2,False,3.2000000000000006
06D0A0B7823B4E6BBFEFA270E8EEB2F7,4,2,False,4.1
06D0A0B7823B4E6BBFEFA270E8EEB2F7,1,1,False,1.9266666666666667
077EBB20179F4DDF9DA032AF2B7EE4F4,1,1,False,2.235
077EBB20179F4DDF9DA032AF2B7EE4F4,5,0,True,1.7000000000000002
077EBB20179F4DDF9DA032AF2B7EE4F4,0,1,False,2.3816666666666664
077EBB20179F4DDF9DA032AF2B7EE4F4,2,0,True,0.0
077EBB20179F4DDF9DA032AF2B7EE4F4,3,2,False,0.09999999999999964
077EBB20179F4DDF9DA032AF2B7EE4F4,4,2,False,0.09999999999999998
08118FE4A7504A34B93DEC7B88ED4EB6,3,1,False,1.9004166666666669
08118FE4A7504A34B93DEC7B88ED4EB6,5,1,False,1.6666666666666667
08118FE4A7504A34B93DEC7B88ED4EB6,1,0,False,0.3999999999999999
08118FE4A7504A34B93DEC7B88ED4EB6,2,2,False,5.666666666666666
08118FE4A7504A34B93DEC7B88ED4EB6,0,2,False,1.1
08118FE4A7504A34B93DEC7B88ED4EB6,4,0,False,0.3999999999999999
089D82A5517A4F8DBE81B68F9B619986,2,1,False,1.796296296296296
089D82A5517A4F8DBE81B68F9B619986,1,0,False,4.3
089D82A5517A4F8DBE81B68F9B619986,0,1,False,1.635
089D82A5517A4F8DBE81B68F9B619986,4,2,False,4.4
089D82A5517A4F8DBE81B68F9B619986,5,0,False,3.5999999999999996
089D82A5517A4F8DBE81B68F9B619986,3,2,False,0.9499999999999993
09EFBDA9CEE54220897289B04F25FCB1,3,1,False,2.1666666666666665
09EFBDA9CEE54220897289B04F25FCB1,1,1,False,1.6066666666666667
09EFBDA9CEE54220897289B04F25FCB1,5,2,False,0.7000000000000002
09EFBDA9CEE54220897289B04F25FCB1,2,0,False,1.7999999999999998
09EFBDA9CEE54220897289B04F25FCB1,4,2,False,0.09999999999999987
09EFBDA9CEE54220897289B04F25FCB1,0,0,False,0.20000000000000018
09F8069A3FB74F4FAA9BAAE47F366173,0,1,False,1.6666666666666667
09F8069A3FB74F4FAA9BAAE47F366173,3,1,False,2.5004166666666663
09F8069A3FB74F4FAA9BAAE47F366173,4,0,True,1.3
09F8069A3FB74F4FAA9BAAE47F366173,5,0,True,2.1
09F8069A3FB74F4FAA9BAAE47F366173,1,2,False,0.2999999999999998
09F8069A3FB74F4FAA9BAAE47F366173,2,2,False,3.2666666666666675
0AA37D5D01BA4B76A3FF64C0B1F49B70,5,1,False,1.7016666666666669
0AA37D5D01BA4B76A3FF64C0B1F49B70,0,2,False,1.1
0AA37D5D01BA4B76A3FF64C0B1F49B70,1,0,False,1.2999999999999998
0AA37D5D01BA4B76A3FF64C0B1F49B70,3,1,False,1.68375
0AA37D5D01BA4B76A3FF64C0B1F49B70,2,0,False,0.5333333333333332
0AA37D5D01BA4B76A3FF64C0B1F49B70,4,2,False,0.5
0AAD4CD09FC24CBEB6DC8A76A4D6A3F0,5,1,False,2.1666666666666665
0AAD4CD09FC24CBEB6DC8A76A4D6A3F0,0,0,False,1.1
0AAD4CD09FC24CBEB6DC8A76A4D6A3F0,3,0,False,1.049999999999999
0AAD4CD09FC24CBEB6DC8A76A4D6A3F0,1,1,False,1.6666666666666667
0AAD4CD09FC24CBEB6DC8A76A4D6A3F0,4,2,False,2.5999999999999996
0AAD4CD09FC24CBEB6DC8A76A4D6A3F0,2,2,False,1.7999999999999998
0B8D09A73ED140CF84C5320DAE27F350,4,1,False,3.0
0B8D09A73ED140CF84C5320DAE27F350,2,0,False,3.5999999999999996
0B8D09A73ED140CF84C5320DAE27F350,5,2,False,2.1
0B8D09A73ED140CF84C5320DAE27F350,3,1,False,2.1666666666666665
0B8D09A73ED140CF84C5320DAE27F350,0,2,False,1.3
0B8D09A73ED140CF84C5320DAE27F350,1,0,False,1.1
0B97FA950789450AA070261124D188E7,2,1,True,1.962962962962963
0B97FA950789450AA070261124D188E7,0,2,True,2.9
0B97FA950789450AA070261124D188E7,1,1,True,1.5
0B97FA950789450AA070261124D188E7,5,0,True,1.9
0B97FA950789450AA070261124D188E7,4,0,True,0.1
0B97FA950789450AA070261124D188E7,3,2,True,2.1500000000000004
0BA66FB40A324FCDB1E3E79F2CE76035,1,1,True,3.0
0BA66FB40A324FCDB1E3E79F2CE76035,4,0,True,1.1
0BA66FB40A324FCDB1E3E79F2CE76035,0,2,True,1.0
0BA66FB40A324FCDB1E3E79F2CE76035,2,1,True,1.6666666666666667
0BA66FB40A324FCDB1E3E79F2CE76035,5,2,True,4.1
0BA66FB40A324FCDB1E3E79F2CE76035,3,0,True,2.0
0BBD2B422E1244998DFC59649560730B,4,1,False,3.0
0BBD2B422E1244998DFC59649560730B,3,1,False,2.420416666666666
0BBD2B422E1244998DFC59649560730B,1,2,False,0.3999999999999999
0BBD2B422E1244998DFC59649560730B,2,0,False,0.666666666666667
0BBD2B422E1244998DFC59649560730B,5,2,False,1.9
0BBD2B422E1244998DFC59649560730B,0,0,False,2.7
0CD38BFF5FF346609DE69EFEBC5E6679,1,1,True,2.1666666666666665
0CD38BFF5FF346609DE69EFEBC5E6679,5,0,True,3.0
0CD38BFF5FF346609DE69EFEBC5E6679,3,2,True,3.75
0CD38BFF5FF346609DE69EFEBC5E6679,2,2,True,2.6000000000000005
0CD38BFF5FF346609DE69EFEBC5E6679,0,1,True,1.7016666666666669
0CD38BFF5FF346609DE69EFEBC5E6679,4,0,True,0.2999999999999998
1004F59CA6B54CDB80305FF89E757044,4,1,True,1.6666666666666667
1004F59CA6B54CDB80305FF89E757044,3,2,True,0.5
1004F59CA6B54CDB80305FF89E757044,5,1,True,1.9816666666666667
1004F59CA6B54CDB80305FF89E757044,2,2,True,0.866666666666666
1004F59CA6B54CDB80305FF89E757044,0,0,True,0.5999999999999999
1004F59CA6B54CDB80305FF89E757044,1,0,True,2.1
10C5551EC04C44CC8727C8661D9CFBCC,2,1,False,2.1666666666666665
10C5551EC04C44CC8727C8661D9CFBCC,5,0,False,1.4
10C5551EC04C44CC8727C8661D9CFBCC,4,0,False,0.6000000000000001
10C5551EC04C44CC8727C8661D9CFBCC,3,2,False,2.9000000000000004
10C5551EC04C44CC8727C8661D9CFBCC,1,1,False,2.1666666666666665
10C5551EC04C44CC8727C8661D9CFBCC,0,2,False,0.5
111B9C01B7A24FB1BA760C980D409019,5,1,True,2.04
111B9C01B7A24FB1BA760C980D409019,1,1,True,1.875
111B9C01B7A24FB1BA760C980D409019,2,0,False,1.2666666666666675
111B9C01B7A24FB1BA760C980D409019,3,2,True,0.4499999999999993
111B9C01B7A24FB1BA760C980D409019,4,0,False,1.5999999999999999
111B9C01B7A24FB1BA760C980D409019,0,2,True,3.8000000000000003
119ED95CC62A49DD9EEF4B30FB69BD8D,3,1,False,1.68375
119ED95CC62A49DD9EEF4B30FB69BD8D,0,1,False,2.1666666666666665
119ED95CC62A49DD9EEF4B30FB69BD8D,4,2,False,1.1
119ED95CC62A49DD9EEF4B30FB69BD8D,2,0,False,0.6666666666666665
119ED95CC62A49DD9EEF4B30FB69BD8D,1,2,False,1.0
119ED95CC62A49DD9EEF4B30FB69BD8D,5,0,False,3.5
11B81F6446A94E08AF28E72C4D9FD008,4,1,False,1.6666666666666667
11B81F6446A94E08AF28E72C4D9FD008,5,1,False,1.635
11B81F6446A94E08AF28E72C4D9FD008,3,0,False,0.3000000000000007
11B81F6446A94E08AF28E72C4D9FD008,2,2,False,0.7999999999999998
11B81F6446A94E08AF28E72C4D9FD008,1,0,False,1.6
11B81F6446A94E08AF28E72C4D9FD008,0,2,False,1.1
136F7678AE57410B98A1407A7558193A,1,1,True,3.0
136F7678AE57410B98A1407A7558193A,5,0,True,0.8999999999999999
136F7678AE57410B98A1407A7558193A,0,0,True,1.7
136F7678AE57410B98A1407A7558193A,4,2,True,5.2
136F7678AE57410B98A1407A7558193A,3,2,True,0.09999999999999964
136F7678AE57410B98A1407A7558193A,2,1,True,2.1666666666666665
14A935C873804DC38902F3900DF28F8E,3,1,False,2.1666666666666665
14A935C873804DC38902F3900DF28F8E,4,2,False,4.0
14A935C873804DC38902F3900DF28F8E,1,0,False,1.0
14A935C873804DC38902F3900DF28F8E,5,0,False,4.5
14A935C873804DC38902F3900DF28F8E,0,1,False,1.515
14A935C873804DC38902F3900DF28F8E,2,2,False,0.6666666666666672
14C16088DA3C4CBA8F3AB3133A82DF73,5,1,True,2.1666666666666665
14C16088DA3C4CBA8F3AB3133A82DF73,0,2,True,1.9
14C16088DA3C4CBA8F3AB3133A82DF73,3,2,True,0.0
14C16088DA3C4CBA8F3AB3133A82DF73,2,0,False,0.7333333333333345
14C16088DA3C4CBA8F3AB3133A82DF73,4,0,False,3.3
14C16088DA3C4CBA8F3AB3133A82DF73,1,1,True,2.1666666666666665
15C8263230854EBF89DCB88DF3696FBC,3,1,False,1.6666666666666667
15C8263230854EBF89DCB88DF3696FBC,1,0,False,0.0
15C8263230854EBF89DCB88DF3696FBC,5,1,False,2.1666666666666665
15C8263230854EBF89DCB88DF3696FBC,4,2,False,1.6
15C8263230854EBF89DCB88DF3696FBC,0,2,False,0.20000000000000007
15C8263230854EBF89DCB88DF3696FBC,2,0,False,0.0
162E3F2DB6784842857FD9209FDCA555,5,1,False,2.1666666666666665
162E3F2DB6784842857FD9209FDCA555,4,2,False,3.0
162E3F2DB6784842857FD9209FDCA555,2,1,False,2.1229629629629634
162E3F2DB6784842857FD9209FDCA555,3,2,False,0.5999999999999996
162E3F2DB6784842857FD9209FDCA555,1,0,True,1.9
162E3F2DB6784842857FD9209FDCA555,0,0,True,2.0
1637ABF8C5934A0B88F168A470CF3862,4,1,False,1.6666666666666667
1637ABF8C5934A0B88F168A470CF3862,2,0,False,2.733333333333333
1637ABF8C5934A0B88F168A470CF3862,5,1,False,1.5816666666666668
1637ABF8C5934A0B88F168A470CF3862,3,0,False,1.1999999999999993
1637ABF8C5934A0B88F168A470CF3862,0,2,False,1.1
1637ABF8C5934A0B88F168A470CF3862,1,2,False,3.1
16872CFD9F1D46C688288D9FC584C3B3,4,1,False,1.6666666666666667
16872CFD9F1D46C688288D9FC584C3B3,0,0,False,1.0
16872CFD9F1D46C688288D9FC584C3B3,3,2,False,2.6999999999999993
16872CFD9F1D46C688288D9FC584C3B3,5,0,False,2.5
16872CFD9F1D46C688288D9FC584C3B3,2,1,False,1.7140740740740739
16872CFD9F1D46C688288D9FC584C3B3,1,2,False,1.5
176175CB71BE4F899BC90A1854018057,5,1,False,1.635
176175CB71BE4F899BC90A1854018057,4,0,False,1.3
176175CB71BE4F899BC90A1854018057,2,2,False,0.3333333333333339
176175CB71BE4F899BC90A1854018057,1,0,False,1.5
176175CB71BE4F899BC90A1854018057,0,1,False,3.0
176175CB71BE4F899BC90A1854018057,3,2,False,5.15
17B34D2DB344465A80C2901BFC147EF1,1,1,False,1.7016666666666669
17B34D2DB344465A80C2901BFC147EF1,3,0,True,1.4000000000000004
17B34D2DB344465A80C2901BFC147EF1,2,2,False,1.8666666666666671
17B34D2DB344465A80C2901BFC147EF1,4,1,False,2.04
17B34D2DB344465A80C2901BFC147EF1,5,2,False,3.9000000000000004
17B34D2DB344465A80C2901BFC147EF1,0,0,True,0.7000000000000001
18E205D458524208BC0F1FACFF0385B6,2,1,True,1.5066666666666668
18E205D458524208BC0F1FACFF0385B6,3,0,False,0.15000000000000036
18E205D458524208BC0F1FACFF0385B6,1,2,True,4.6
18E205D458524208BC0F1FACFF0385B6,5,0,False,1.1
18E205D458524208BC0F1FACFF0385B6,0,2,True,3.5
18E205D458524208BC0F1FACFF0385B6,4,1,True,1.7016666666666669
19549E6E0772430EB55490ADCBD0E961,5,1,True,3.0
19549E6E0772430EB55490ADCBD0E961,1,1,True,1.6666666666666667
19549E6E0772430EB55490ADCBD0E961,0,0,True,3.7
19549E6E0772430EB55490ADCBD0E961,3,2,True,4.449999999999999
19549E6E0772430EB55490ADCBD0E961,2,2,True,1.7999999999999998
19549E6E0772430EB55490ADCBD0E961,4,0,True,0.5
1BEE26BAEA874C5694A496B20729F4BE,1,1,False,1.515
1BEE26BAEA874C5694A496B20729F4BE,3,2,False,0.5
1BEE26BAEA874C5694A496B20729F4BE,0,1,False,1.6666666666666667
1BEE26BAEA874C5694A496B20729F4BE,4,0,False,0.8999999999999999
1BEE26BAEA874C5694A496B20729F4BE,2,2,False,0.06666666666666732
1BEE26BAEA874C5694A496B20729F4BE,5,0,False,3.5
1C9B715F8A59487A9E65FF4FBB0B3872,3,1,True,2.0704166666666666
1C9B715F8A59487A9E65FF4FBB0B3872,5,0,True,1.2999999999999998
1C9B715F8A59487A9E65FF4FBB0B3872,1,1,True,1.7816666666666665
1C9B715F8A59487A9E65FF4FBB0B3872,4,2,True,4.1
1C9B715F8A59487A9E65FF4FBB0B3872,2,0,True,2.5999999999999996
1C9B715F8A59487A9E65FF4FBB0B3872,0,2,True,1.4
1E145FF2CCA649228957F6052F792FBF,3,1,False,3.0
1E145FF2CCA649228957F6052F792FBF,0,1,False,2.1666666666666665
1E145FF2CCA649228957F6052F792FBF,2,2,False,1.666666666666667
1E145FF2CCA649228957F6052F792FBF,5,0,False,3.0
1E145FF2CCA649228957F6052F792FBF,1,0,False,3.3
1E145FF2CCA649228957F6052F792FBF,4,2,False,1.6
1F8FAFCF5442455CAF4C9CFF8620AB7E,3,1,False,2.1666666666666665
1F8FAFCF5442455CAF4C9CFF8620AB7E,0,0,False,0.0
1F8FAFCF5442455CAF4C9CFF8620AB7E,2,2,False,0.7999999999999998
1F8FAFCF5442455CAF4C9CFF8620AB7E,1,2,False,1.1
1F8FAFCF5442455CAF4C9CFF8620AB7E,4,1,False,1.6666666666666667
1F8FAFCF5442455CAF4C9CFF8620AB7E,5,0,False,0.8999999999999999
1FDD942971B14DB2A198ED8568924B7C,4,1,False,2.1016666666666666
1FDD942971B14DB2A198ED8568924B7C,2,1,False,1.5474074074074073
1FDD942971B14DB2A198ED8568924B7C,1,0,False,4.3
1FDD942971B14DB2A198ED8568924B7C,3,2,False,2.8499999999999996
1FDD942971B14DB2A198ED8568924B7C,0,0,False,2.8
1FDD942971B14DB2A198ED8568924B7C,5,2,False,0.7999999999999999
204DDB30D16B474BAA54EB6C80153D5B,4,1,True,2.1016666666666666
204DDB30D16B474BAA54EB6C80153D5B,5,2,True,2.7
204DDB30D16B474BAA54EB6C80153D5B,2,0,True,2.733333333333333
204DDB30D16B474BAA54EB6C80153D5B,0,1,True,1.7016666666666669
204DDB30D16B474BAA54EB6C80153D5B,1,0,True,4.5
204DDB30D16B474BAA54EB6C80153D5B,3,2,True,0.10000000000000142
21EBD0BDC95146B39321211CC7438FEF,3,1,True,2.1666666666666665
21EBD0BDC95146B39321211CC7438FEF,1,0,True,5.3
21EBD0BDC95146B39321211CC7438FEF,4,0,True,1.7
21EBD0BDC95146B39321211CC7438FEF,5,1,True,3.0
21EBD0BDC95146B39321211CC7438FEF,0,2,True,0.6
21EBD0BDC95146B39321211CC7438FEF,2,2,True,1.933333333333334
2216D373C920464C85EAB9AB0267D548,2,1,False,1.7962962962962965
2216D373C920464C85EAB9AB0267D548,1,1,False,1.635
2216D373C920464C85EAB9AB0267D548,5,0,False,1.5
2216D373C920464C85EAB9AB0267D548,0,2,False,0.30000000000000004
2216D373C920464C85EAB9AB0267D548,3,2,False,0.05000000000000071
2216D373C920464C85EAB9AB0267D548,4,0,False,2.3
2218182CD823447B9AC2ABD92512ACC4,1,1,False,1.6066666666666667
2218182CD823447B9AC2ABD92512ACC4,4,1,False,1.6666666666666667
2218182CD823447B9AC2ABD92512ACC4,2,2,False,0.9333333333333331
2218182CD823447B9AC2ABD92512ACC4,3,2,False,1.8999999999999986
2218182CD823447B9AC2ABD92512ACC4,5,0,False,1.0999999999999999
2218182CD823447B9AC2ABD92512ACC4,0,0,False,0.30000000000000004
245C359634154BB4BD502B646AAD3CF4,3,1,False,1.5416666666666667
245C359634154BB4BD502B646AAD3CF4,1,1,False,3.0
245C359634154BB4BD502B646AAD3CF4,2,2,False,1.333333333333333
245C359634154BB4BD502B646AAD3CF4,5,2,False,2.1
245C359634154BB4BD502B646AAD3CF4,4,0,False,3.3
245C359634154BB4BD502B646AAD3CF4,0,0,False,0.6999999999999997
249AFC341AC54DC3B2D1A3F20F4BB970,0,1,False,2.04
249AFC341AC54DC3B2D1A3F20F4BB970,5,1,False,2.1016666666666666
249AFC341AC54DC3B2D1A3F20F4BB970,1,2,False,1.3
249AFC341AC54DC3B2D1A3F20F4BB970,3,2,False,1.6500000000000004
249AFC341AC54DC3B2D1A3F20F4BB970,2,0,False,1.2666666666666666
249AFC341AC54DC3B2D1A3F20F4BB970,4,0,False,2.0999999999999996
24BC3A44EAB247DD8A64EE8D7C02D0E5,4,1,True,2.1666666666666665
24BC3A44EAB247DD8A64EE8D7C02D0E5,1,0,False,0.8999999999999999
24BC3A44EAB247DD8A64EE8D7C02D0E5,2,1,True,1.6066666666666667
24BC3A44EAB247DD8A64EE8D7C02D0E5,5,2,True,4.0
24BC3A44EAB247DD8A64EE8D7C02D0E5,3,2,True,4.9
24BC3A44EAB247DD8A64EE8D7C02D0E5,0,0,False,2.9000000000000004
24DDFC6833CA46C690453D6DA934EE33,4,1,False,2.1666666666666665
24DDFC6833CA46C690453D6DA934EE33,0,1,False,3.0
24DDFC6833CA46C690453D6DA934EE33,2,2,False,0.0
24DDFC6833CA46C690453D6DA934EE33,3,2,False,0.0
24DDFC6833CA46C690453D6DA934EE33,1,0,False,0.3999999999999999
24DDFC6833CA46C690453D6DA934EE33,5,0,False,0.0
26F6406DC3DA4E1EBDF75D89296BF01D,5,1,False,2.1016666666666666
26F6406DC3DA4E1EBDF75D89296BF01D,2,2,False,0.19999999999999965
26F6406DC3DA4E1EBDF75D89296BF01D,0,1,False,1.6666666666666667
26F6406DC3DA4E1EBDF75D89296BF01D,4,2,False,5.7
26F6406DC3DA4E1EBDF75D89296BF01D,3,0,False,1.1500000000000004
26F6406DC3DA4E1EBDF75D89296BF01D,1,0,False,2.8
27DA0C17F33947D2B77BDF4787411343,4,1,False,1.5016666666666667
27DA0C17F33947D2B77BDF4787411343,1,0,False,4.1
27DA0C17F33947D2B77BDF4787411343,3,2,False,1.25
27DA0C17F33947D2B77BDF4787411343,0,1,False,1.9816666666666667
27DA0C17F33947D2B77BDF4787411343,5,2,False,0.3999999999999999
27DA0C17F33947D2B77BDF4787411343,2,0,False,2.4
28BDA984B5EA4E4EB22F2060EE3AA06B,4,1,False,2.1016666666666666
28BDA984B5EA4E4EB22F2060EE3AA06B,1,0,False,1.8
28BDA984B5EA4E4EB22F2060EE3AA06B,5,0,False,0.40000000000000013
28BDA984B5EA4E4EB22F2060EE3AA06B,0,2,False,2.7
28BDA984B5EA4E4EB22F2060EE3AA06B,3,2,False,4.350000000000001
28BDA984B5EA4E4EB22F2060EE3AA06B,2,1,False,1.500740740740741
295E1188FFE748B195F3D349F17C2BC8,2,1,True,1.6896296296296291
295E1188FFE748B195F3D349F17C2BC8,1,1,True,2.1666666666666665
295E1188FFE748B195F3D349F17C2BC8,0,0,True,0.6
295E1188FFE748B195F3D349F17C2BC8,5,2,True,0.5
295E1188FFE748B195F3D349F17C2BC8,3,0,True,0.15000000000000036
295E1188FFE748B195F3D349F17C2BC8,4,2,True,0.3999999999999999
2A2B6FF9D90943D99D47115FA01CAA82,2,1,False,1.5740740740740742
2A2B6FF9D90943D99D47115FA01CAA82,4,0,False,0.8
2A2B6FF9D90943D99D47115FA01CAA82,3,0,False,2.5
2A2B6FF9D90943D99D47115FA01CAA82,0,1,False,1.7016666666666669
2A2B6FF9D90943D99D47115FA01CAA82,1,2,False,0.7999999999999998
2A2B6FF9D90943D99D47115FA01CAA82,5,2,False,2.6
2A99E6EEAADB42E49B4DCE8BA1C8458A,0,1,False,3.0
2A99E6EEAADB42E49B4DCE8BA1C8458A,4,0,False,1.2999999999999998
2A99E6EEAADB42E49B4DCE8BA1C8458A,3,1,False,1.6666666666666667
2A99E6EEAADB42E49B4DCE8BA1C8458A,5,2,False,3.0999999999999996
2A99E6EEAADB42E49B4DCE8BA1C8458A,1,0,False,3.6
2A99E6EEAADB42E49B4DCE8BA1C8458A,2,2,False,3.2000000000000006
2ABC6ED4106141FCBBF98AF2778DA134,3,1,False,3.0
2ABC6ED4106141FCBBF98AF2778DA134,5,2,False,1.4
2ABC6ED4106141FCBBF98AF2778DA134,4,1,False,2.1666666666666665
2ABC6ED4106141FCBBF98AF2778DA134,0,0,False,4.7
2ABC6ED4106141FCBBF98AF2778DA134,2,2,False,1.7333333333333343
2ABC6ED4106141FCBBF98AF2778DA134,1,0,False,0.8
2AC8345B47624637BDA56940A573B1B2,4,1,False,2.1666666666666665
2AC8345B47624637BDA56940A573B1B2,1,2,False,0.3
2AC8345B47624637BDA56940A573B1B2,0,1,False,3.0
2AC8345B47624637BDA56940A573B1B2,3,2,False,4.649999999999999
2AC8345B47624637BDA56940A573B1B2,5,0,False,3.3
2AC8345B47624637BDA56940A573B1B2,2,0,False,4.6000000000000005
2D11EC67D4394968BD2866567D1E1665,5,1,True,1.6666666666666667
2D11EC67D4394968BD2866567D1E1665,3,1,True,3.0
2D11EC67D4394968BD2866567D1E1665,1,2,True,0.5
2D11EC67D4394968BD2866567D1E1665,2,0,False,1.1333333333333337
2D11EC67D4394968BD2866567D1E1665,4,2,True,1.0000000000000002
2D11EC67D4394968BD2866567D1E1665,0,0,False,4.199999999999999
2D2158AFE9164BBEB1BCC567DF16EE43,2,1,False,1.5066666666666668
2D2158AFE9164BBEB1BCC567DF16EE43,5,2,False,0.20000000000000018
2D2158AFE9164BBEB1BCC567DF16EE43,4,1,False,1.6666666666666667
2D2158AFE9164BBEB1BCC567DF16EE43,1,0,False,0.7
2D2158AFE9164BBEB1BCC567DF16EE43,3,0,False,3.8499999999999996
2D2158AFE9164BBEB1BCC567DF16EE43,0,2,False,3.4
2E5521034E024ED3BB93E47C621433FA,3,1,False,3.0
2E5521034E024ED3BB93E47C621433FA,5,2,False,0.6000000000000001
2E5521034E024ED3BB93E47C621433FA,1,1,False,1.6666666666666667
2E5521034E024ED3BB93E47C621433FA,4,2,False,0.8
2E5521034E024ED3BB93E47C621433FA,2,0,False,1.0
2E5521034E024ED3BB93E47C621433FA,0,0,False,0.7
2FC39056FF114BAEA14D5B42B778373E,2,1,False,1.6666666666666667
2FC39056FF114BAEA14D5B42B778373E,3,0,False,2.8499999999999996
2FC39056FF114BAEA14D5B42B778373E,4,2,False,1.1
2FC39056FF114BAEA14D5B42B778373E,0,1,False,2.1666666666666665
2FC39056FF114BAEA14D5B42B778373E,5,0,False,1.5
2FC39056FF114BAEA14D5B42B778373E,1,2,False,0.30000000000000004
30F3F734AFB648BC87DB49F5943AE4A4,1,1,False,1.5016666666666667
30F3F734AFB648BC87DB49F5943AE4A4,0,2,False,2.9000000000000004
30F3F734AFB648BC87DB49F5943AE4A4,2,2,False,1.333333333333333
30F3F734AFB648BC87DB49F5943AE4A4,4,1,False,1.6666666666666667
30F3F734AFB648BC87DB49F5943AE4A4,5,0,False,1.5999999999999999
30F3F734AFB648BC87DB49F5943AE4A4,3,0,False,1.4000000000000004
315384582C354757AAAB98CF5E4B312E,3,1,False,1.5337499999999997
315384582C354757AAAB98CF5E4B312E,0,0,False,0.6
315384582C354757AAAB98CF5E4B312E,1,1,False,1.6066666666666667
315384582C354757AAAB98CF5E4B312E,2,0,False,2.466666666666667
315384582C354757AAAB98CF5E4B312E,5,2,False,0.0
315384582C354757AAAB98CF5E4B312E,4,2,False,1.0
31D4175571A14F4E84BF88D248E92969,4,1,False,1.74
31D4175571A14F4E84BF88D248E92969,5,2,False,2.4
31D4175571A14F4E84BF88D248E92969,1,2,False,3.1
31D4175571A14F4E84BF88D248E92969,0,1,False,2.235
31D4175571A14F4E84BF88D248E92969,2,0,True,0.9333333333333331
31D4175571A14F4E84BF88D248E92969,3,0,True,3.75
31F636FBCE7143558C306EB121C9D69C,1,1,False,1.6666666666666667
31F636FBCE7143558C306EB121C9D69C,4,2,False,2.4
31F636FBCE7143558C306EB121C9D69C,3,2,False,2.25
31F636FBCE7143558C306EB121C9D69C,5,1,False,2.1666666666666665
31F636FBCE7143558C306EB121C9D69C,2,0,False,0.13333333333333375
31F636FBCE7143558C306EB121C9D69C,0,0,False,0.5
32366D87147B4335A63BEC5E86F323C2,5,1,False,1.5
32366D87147B4335A63BEC5E86F323C2,0,2,False,0.8999999999999999
32366D87147B4335A63BEC5E86F323C2,3,1,False,1.6666666666666667
32366D87147B4335A63BEC5E86F323C2,1,0,False,0.6000000000000001
32366D87147B4335A63BEC5E86F323C2,4,2,False,3.7
32366D87147B4335A63BEC5E86F323C2,2,0,False,0.39999999999999947
3400CE934CB64E398E1337F02C72875C,3,1,True,1.9004166666666669
3400CE934CB64E398E1337F02C72875C,4,0,False,1.6
3400CE934CB64E398E1337F02C72875C,1,2,True,0.20000000000000018
3400CE934CB64E398E1337F02C72875C,2,0,False,1.1333333333333337
3400CE934CB64E398E1337F02C72875C,0,1,True,1.6666666666666667
3400CE934CB64E398E1337F02C72875C,5,2,True,4.3
34589E2C06C743F2B2EC52B3ADA7FFEF,1,1,False,3.0
34589E2C06C743F2B2EC52B3ADA7FFEF,2,2,False,1.0666666666666673
34589E2C06C743F2B2EC52B3ADA7FFEF,0,2,False,1.4000000000000001
34589E2C06C743F2B2EC52B3ADA7FFEF,3,1,False,2.1666666666666665
34589E2C06C743F2B2EC52B3ADA7FFEF,4,0,False,0.9000000000000001
34589E2C06C743F2B2EC52B3ADA7FFEF,5,0,False,3.6
34C73A302ED44C81BED0EAAF63D59267,2,1,True,2.1666666666666665
34C73A302ED44C81BED0EAAF63D59267,4,1,True,2.1666666666666665
34C73A302ED44C81BED0EAAF63D59267,5,2,True,3.0
34C73A302ED44C81BED0EAAF63D59267,3,2,True,2.5
34C73A302ED44C81BED0EAAF63D59267,1,0,False,0.8000000000000003
34C73A302ED44C81BED0EAAF63D59267,0,0,False,1.2000000000000002
355AC6AF2D9940FDA0591C18B34B298F,4,1,True,2.1016666666666666
355AC6AF2D9940FDA0591C18B34B298F,3,2,True,2.8000000000000007
355AC6AF2D9940FDA0591C18B34B298F,5,2,True,1.6
355AC6AF2D9940FDA0591C18B34B298F,0,1,True,2.1666666666666665
355AC6AF2D9940FDA0591C18B34B298F,2,0,True,1.0666666666666664
355AC6AF2D9940FDA0591C18B34B298F,1,0,True,1.4
35A01C7CE3BE42FE8167E0B9FB7AEE54,5,1,True,2.1666666666666665
35A01C7CE3BE42FE8167E0B9FB7AEE54,4,1,True,1.6666666666666667
35A01C7CE3BE42FE8167E0B9FB7AEE54,0,2,True,0.9999999999999999
35A01C7CE3BE42FE8167E0B9FB7AEE54,1,2,True,0.6
35A01C7CE3BE42FE8167E0B9FB7AEE54,2,0,True,1.8666666666666663
35A01C7CE3BE42FE8167E0B9FB7AEE54,3,0,True,1.1999999999999993
364BA2EEA202439CA73EC72F6571CDBD,5,1,False,3.0
364BA2EEA202439CA73EC72F6571CDBD,1,2,False,1.7
364BA2EEA202439CA73EC72F6571CDBD,2,1,False,2.211851851851852
364BA2EEA202439CA73EC72F6571CDBD,3,2,False,3.5999999999999996
364BA2EEA202439CA73EC72F6571CDBD,4,0,False,0.5
364BA2EEA202439CA73EC72F6571CDBD,0,0,False,1.3
3679C528C6494CEC85603CE244070DF7,4,1,True,2.235
3679C528C6494CEC85603CE244070DF7,3,1,True,1.9004166666666669
3679C528C6494CEC85603CE244070DF7,1,2,True,0.30000000000000027
3679C528C6494CEC85603CE244070DF7,5,2,True,1.0
3679C528C6494CEC85603CE244070DF7,0,0,True,0.5
3679C528C6494CEC85603CE244070DF7,2,0,True,0.19999999999999973
369DA27561CA43B7B8CBA81044E94B92,5,1,True,1.6666666666666667
369DA27561CA43B7B8CBA81044E94B92,0,1,True,1.7016666666666669
369DA27561CA43B7B8CBA81044E94B92,4,0,True,3.9
369DA27561CA43B7B8CBA81044E94B92,1,0,True,0.0
369DA27561CA43B7B8CBA81044E94B92,2,2,True,2.266666666666666
369DA27561CA43B7B8CBA81044E94B92,3,2,True,0.6999999999999993
36A95EA2592748F6926A403C024A31C4,4,1,False,2.3816666666666664
36A95EA2592748F6926A403C024A31C4,5,2,False,3.9000000000000004
36A95EA2592748F6926A403C024A31C4,1,2,False,0.7999999999999998
36A95EA2592748F6926A403C024A31C4,0,0,False,3.0
36A95EA2592748F6926A403C024A31C4,3,0,False,0.9500000000000011
36A95EA2592748F6926A403C024A31C4,2,1,False,1.6066666666666667
39AEB6B776C04EB099FFF56DE62B14C4,0,1,False,1.5
39AEB6B776C04EB099FFF56DE62B14C4,1,0,False,0.09999999999999998
39AEB6B776C04EB099FFF56DE62B14C4,4,0,False,1.0999999999999999
39AEB6B776C04EB099FFF56DE62B14C4,5,1,False,1.875
39AEB6B776C04EB099FFF56DE62B14C4,3,2,False,1.0500000000000007
39AEB6B776C04EB099FFF56DE62B14C4,2,2,False,2.466666666666667
3AC52CBC50AB48508580FCE92161CB52,2,1,False,1.6066666666666667
3AC52CBC50AB48508580FCE92161CB52,3,0,False,0.6999999999999993
3AC52CBC50AB48508580FCE92161CB52,1,2,False,1.9
3AC52CBC50AB48508580FCE92161CB52,5,1,False,1.5016666666666667
3AC52CBC50AB48508580FCE92161CB52,4,0,False,2.0
3AC52CBC50AB48508580FCE92161CB52,0,2,False,0.7999999999999998
3B6C3184A4E244F597BC4C2CB138C46C,2,1,True,1.7140740740740739
3B6C3184A4E244F597BC4C2CB138C46C,5,0,False,1.3
3B6C3184A4E244F597BC4C2CB138C46C,0,0,False,0.7
3B6C3184A4E244F597BC4C2CB138C46C,1,1,True,2.235
3B6C3184A4E244F597BC4C2CB138C46C,4,2,True,3.5
3B6C3184A4E244F597BC4C2CB138C46C,3,2,True,0.6500000000000004
3D18040236CD496FA2BD532C4AD2AD72,0,1,False,2.1666666666666665
3D18040236CD496FA2BD532C4AD2AD72,2,0,False,0.7333333333333332
3D18040236CD496FA2BD532C4AD2AD72,5,0,False,0.19999999999999973
3D18040236CD496FA2BD532C4AD2AD72,3,1,False,2.0704166666666666
3D18040236CD496FA2BD532C4AD2AD72,4,2,False,1.5
3D18040236CD496FA2BD532C4AD2AD72,1,2,False,3.3
3D3389D78763418C84595AE9C4CBE9B7,3,1,True,1.68375
3D3389D78763418C84595AE9C4CBE9B7,1,1,True,1.7816666666666665
3D3389D78763418C84595AE9C4CBE9B7,2,2,True,0.4666666666666661
3D3389D78763418C84595AE9C4CBE9B7,5,0,False,2.9
3D3389D78763418C84595AE9C4CBE9B7,0,2,True,2.0
3D3389D78763418C84595AE9C4CBE9B7,4,0,False,1.7
3D8362A689CD476CA4F107F26959FDE0,3,1,True,1.6666666666666667
3D8362A689CD476CA4F107F26959FDE0,0,1,True,1.6666666666666667
3D8362A689CD476CA4F107F26959FDE0,1,2,True,0.7000000000000001
3D8362A689CD476CA4F107F26959FDE0,4,2,True,1.0
3D8362A689CD476CA4F107F26959FDE0,5,0,True,1.9
3D8362A689CD476CA4F107F26959FDE0,2,0,True,0.5999999999999996
3D85EB88F85D4467A3F5EDEA63FCDD5B,0,1,False,1.9816666666666667
3D85EB88F85D4467A3F5EDEA63FCDD5B,1,2,False,0.5
3D85EB88F85D4467A3F5EDEA63FCDD5B,3,2,False,0.40000000000000036
3D85EB88F85D4467A3F5EDEA63FCDD5B,4,1,False,2.235
3D85EB88F85D4467A3F5EDEA63FCDD5B,5,0,False,0.8
3D85EB88F85D4467A3F5EDEA63FCDD5B,2,0,False,0.3333333333333326
3D9AD46E1C594015A116575ED542AB70,1,1,False,1.635
3D9AD46E1C594015A116575ED542AB70,5,2,False,0.5
3D9AD46E1C594015A116575ED542AB70,3,0,False,2.3499999999999996
3D9AD46E1C594015A116575ED542AB70,2,0,False,0.7333333333333334
3D9AD46E1C594015A116575ED542AB70,0,2,False,1.2
3D9AD46E1C594015A116575ED542AB70,4,1,False,1.6666666666666667
3E87865D3C4445FF9837B8EB5C08AFEC,3,1,False,3.0
3E87865D3C4445FF9837B8EB5C08AFEC,4,2,False,0.0
3E87865D3C4445FF9837B8EB5C08AFEC,5,0,False,3.1
3E87865D3C4445FF9837B8EB5C08AFEC,2,0,False,2.733333333333333
3E87865D3C4445FF9837B8EB5C08AFEC,0,2,False,2.8
3E87865D3C4445FF9837B8EB5C08AFEC,1,1,False,1.6666666666666667
3F3AB598F9EF4B15AC148DE7C52570D9,4,1,False,1.6666666666666667
3F3AB598F9EF4B15AC148DE7C52570D9,3,2,False,3.0999999999999996
3F3AB598F9EF4B15AC148DE7C52570D9,2,1,False,1.6666666666666667
3F3AB598F9EF4B15AC148DE7C52570D9,1,2,False,3.9
3F3AB598F9EF4B15AC148DE7C52570D9,0,0,False,2.6
3F3AB598F9EF4B15AC148DE7C52570D9,5,0,False,1.7
3F48CFE9849847FF8CD9A23CA9294B09,3,1,False,1.7604166666666667
3F48CFE9849847FF8CD9A23CA9294B09,2,1,False,1.5896296296296297
3F48CFE9849847FF8CD9A23CA9294B09,0,0,False,2.9
3F48CFE9849847FF8CD9A23CA9294B09,4,2,False,3.2
3F48CFE9849847FF8CD9A23CA9294B09,5,2,False,2.1
3F48CFE9849847FF8CD9A23CA9294B09,1,0,False,0.6000000000000001
3FF9F21BB7C84304B97337DAA3768D5E,3,1,True,2.0400000000000005
3FF9F21BB7C84304B97337DAA3768D5E,2,2,True,0.4666666666666668
3FF9F21BB7C84304B97337DAA3768D5E,5,0,True,3.6
3FF9F21BB7C84304B97337DAA3768D5E,4,1,True,1.635
3FF9F21BB7C84304B97337DAA3768D5E,0,2,True,0.7999999999999999
3FF9F21BB7C84304B97337DAA3768D5E,1,0,True,1.1
4018462924D142BABFB5E88C03359F1F,1,1,True,1.7016666666666669
4018462924D142BABFB5E88C03359F1F,3,1,True,1.9004166666666669
4018462924D142BABFB5E88C03359F1F,0,0,False,1.6
4018462924D142BABFB5E88C03359F1F,2,2,True,3.5333333333333337
4018462924D142BABFB5E88C03359F1F,4,2,True,1.0
4018462924D142BABFB5E88C03359F1F,5,0,False,2.8
40EF20BE931844ECBA7F6012122CEFE6,3,1,False,2.7149999999999994
40EF20BE931844ECBA7F6012122CEFE6,4,0,False,3.8
40EF20BE931844ECBA7F6012122CEFE6,0,2,False,0.19999999999999996
40EF20BE931844ECBA7F6012122CEFE6,5,1,False,1.9266666666666667
40EF20BE931844ECBA7F6012122CEFE6,1,2,False,1.9000000000000001
40EF20BE931844ECBA7F6012122CEFE6,2,0,False,1.7999999999999998
415920631C804F14A78E5693F206DB05,1,1,False,1.635
415920631C804F14A78E5693F206DB05,0,2,False,2.3
415920631C804F14A78E5693F206DB05,2,2,False,3.133333333333333
415920631C804F14A78E5693F206DB05,4,1,False,2.1666666666666665
415920631C804F14A78E5693F206DB05,3,0,False,2.3000000000000007
415920631C804F14A78E5693F206DB05,5,0,False,0.30000000000000004
43525690125D44EE930AD12BBE9F05C4,2,1,False,1.5066666666666668
43525690125D44EE930AD12BBE9F05C4,4,2,False,0.3999999999999999
43525690125D44EE930AD12BBE9F05C4,1,1,False,1.6666666666666667
43525690125D44EE930AD12BBE9F05C4,0,2,False,0.8000000000000003
43525690125D44EE930AD12BBE9F05C4,3,0,False,4.35
43525690125D44EE930AD12BBE9F05C4,5,0,False,1.4000000000000001
43B855133D564B08915DB2CA1A724E7E,5,1,False,1.6666666666666667
43B855133D564B08915DB2CA1A724E7E,1,1,False,1.6066666666666667
43B855133D564B08915DB2CA1A724E7E,2,2,False,3.133333333333333
43B855133D564B08915DB2CA1A724E7E,0,2,False,0.4999999999999999
43B855133D564B08915DB2CA1A724E7E,3,0,False,0.09999999999999964
43B855133D564B08915DB2CA1A724E7E,4,0,False,0.3999999999999999
43FE57D7E96A4B41B5CD5D4759051CCB,5,1,False,1.6666666666666667
43FE57D7E96A4B41B5CD5D4759051CCB,2,1,False,2.1666666666666665
43FE57D7E96A4B41B5CD5D4759051CCB,0,0,False,1.5
43FE57D7E96A4B41B5CD5D4759051CCB,4,2,False,2.3000000000000003
43FE57D7E96A4B41B5CD5D4759051CCB,1,2,False,1.7999999999999998
43FE57D7E96A4B41B5CD5D4759051CCB,3,0,False,0.3000000000000007
441575BA018C4CE89F2398FC4C37893E,1,1,False,1.5016666666666667
441575BA018C4CE89F2398FC4C37893E,2,1,False,1.5362962962962963
441575BA018C4CE89F2398FC4C37893E,5,0,False,1.0
441575BA018C4CE89F2398FC4C37893E,0,2,False,2.4000000000000004
441575BA018C4CE89F2398FC4C37893E,4,0,False,0.40000000000000013
441575BA018C4CE89F2398FC4C37893E,3,2,False,2.75
44884F26332644119B350F34C7F615E5,5,1,False,1.9816666666666667
44884F26332644119B350F34C7F615E5,3,1,False,2.1666666666666665
44884F26332644119B350F34C7F615E5,4,0,False,4.6
44884F26332644119B350F34C7F615E5,1,0,False,0.3999999999999999
44884F26332644119B350F34C7F615E5,2,2,False,0.20000000000000018
44884F26332644119B350F34C7F615E5,0,2,False,2.8
454EAC793A894DF0866E102219C00381,0,1,False,2.3816666666666664
454EAC793A894DF0866E102219C00381,2,0,False,0.8666666666666667
454EAC793A894DF0866E102219C00381,3,0,False,1.8000000000000007
454EAC793A894DF0866E102219C00381,5,2,False,1.8
454EAC793A894DF0866E102219C00381,1,2,False,0.2
454EAC793A894DF0866E102219C00381,4,1,False,1.875
47FDBD463AEA4B3697C720C600B69789,0,1,True,1.6666666666666667
47FDBD463AEA4B3697C720C600B69789,4,1,True,2.1016666666666666
47FDBD463AEA4B3697C720C600B69789,3,0,True,4.0
47FDBD463AEA4B3697C720C600B69789,5,0,True,0.0
47FDBD463AEA4B3697C720C600B69789,1,2,True,1.3
47FDBD463AEA4B3697C720C600B69789,2,2,True,2.9999999999999996
4A2480E43E754801B82E9E998EC7D3D7,5,1,False,2.1016666666666666
4A2480E43E754801B82E9E998EC7D3D7,4,0,False,1.8000000000000003
4A2480E43E754801B82E9E998EC7D3D7,1,0,False,4.1
4A2480E43E754801B82E9E998EC7D3D7,2,1,False,2.1229629629629634
4A2480E43E754801B82E9E998EC7D3D7,0,2,False,1.1
4A2480E43E754801B82E9E998EC7D3D7,3,2,False,0.0
4A6A4EFD26554DB39F806A95F67D74C3,3,1,True,3.0
4A6A4EFD26554DB39F806A95F67D74C3,0,2,True,0.0
4A6A4EFD26554DB39F806A95F67D74C3,2,2,True,1.1333333333333342
4A6A4EFD26554DB39F806A95F67D74C3,4,0,True,0.8999999999999999
4A6A4EFD26554DB39F806A95F67D74C3,5,1,True,1.875
4A6A4EFD26554DB39F806A95F67D74C3,1,0,True,1.0
4A9E82BCFAAD441786F6E6E218B3381A,4,1,False,1.7016666666666669
4A9E82BCFAAD441786F6E6E218B3381A,2,2,False,2.1333333333333337
4A9E82BCFAAD441786F6E6E218B3381A,0,0,False,3.7
4A9E82BCFAAD441786F6E6E218B3381A,5,0,False,0.6000000000000001
4A9E82BCFAAD441786F6E6E218B3381A,3,1,False,1.9004166666666669
4A9E82BCFAAD441786F6E6E218B3381A,1,2,False,2.9
4CE09503493040F0B389B919B8133C2C,4,1,False,2.1016666666666666
4CE09503493040F0B389B919B8133C2C,5,0,False,0.7
4CE09503493040F0B389B919B8133C2C,0,0,False,0.8999999999999999
4CE09503493040F0B389B919B8133C2C,3,2,False,4.199999999999999
4CE09503493040F0B389B919B8133C2C,1,1,False,2.1666666666666665
4CE09503493040F0B389B919B8133C2C,2,2,False,4.533333333333333
4D3A556FF44841E7A7154213519DBB31,0,1,False,1.6666666666666667
4D3A556FF44841E7A7154213519DBB31,2,0,False,0.5999999999999999
4D3A556FF44841E7A7154213519DBB31,1,0,False,0.5
4D3A556FF44841E7A7154213519DBB31,4,1,False,1.6666666666666667
4D3A556FF44841E7A7154213519DBB31,3,2,False,1.0
4D3A556FF44841E7A7154213519DBB31,5,2,False,0.20000000000000007
4D739BCC8D854A83B63D9EB209B1C7E9,4,1,False,1.5066666666666666
4D739BCC8D854A83B63D9EB209B1C7E9,5,1,False,1.6666666666666667
4D739BCC8D854A83B63D9EB209B1C7E9,1,0,False,2.4
4D739BCC8D854A83B63D9EB209B1C7E9,0,0,False,2.9
4D739BCC8D854A83B63D9EB209B1C7E9,2,2,False,2.999999999999999
4D739BCC8D854A83B63D9EB209B1C7E9,3,2,False,2.1500000000000004
5089E978ED0841A88AD544026D5E28D0,4,1,True,1.635
5089E978ED0841A88AD544026D5E28D0,1,1,True,1.5016666666666667
5089E978ED0841A88AD544026D5E28D0,5,2,True,1.1
5089E978ED0841A88AD544026D5E28D0,0,0,True,0.5
5089E978ED0841A88AD544026D5E28D0,2,0,True,1.9999999999999996
5089E978ED0841A88AD544026D5E28D0,3,2,True,0.0
50A9D1C2EAE14B39BE2A8F4395A34E61,1,1,False,1.8266666666666664
50A9D1C2EAE14B39BE2A8F4395A34E61,4,0,False,0.30000000000000004
50A9D1C2EAE14B39BE2A8F4395A34E61,5,1,False,2.1666666666666665
50A9D1C2EAE14B39BE2A8F4395A34E61,0,2,False,0.8999999999999999
50A9D1C2EAE14B39BE2A8F4395A34E61,2,2,False,1.2000000000000002
50A9D1C2EAE14B39BE2A8F4395A34E61,3,0,False,1.4499999999999993
5105ADD2460247C7905BA2514F5F4F48,0,1,True,1.74
5105ADD2460247C7905BA2514F5F4F48,2,1,True,1.7674074074074069
5105ADD2460247C7905BA2514F5F4F48,4,0,True,0.4999999999999999
5105ADD2460247C7905BA2514F5F4F48,3,2,True,0.5500000000000007
5105ADD2460247C7905BA2514F5F4F48,5,2,True,0.7
5105ADD2460247C7905BA2514F5F4F48,1,0,True,2.2
5186041E1D054D4D8C9A1A1285726503,0,1,False,1.7016666666666669
5186041E1D054D4D8C9A1A1285726503,1,0,False,0.20000000000000007
5186041E1D054D4D8C9A1A1285726503,4,2,False,1.6
5186041E1D054D4D8C9A1A1285726503,5,1,False,2.04
5186041E1D054D4D8C9A1A1285726503,3,0,False,0.4499999999999993
5186041E1D054D4D8C9A1A1285726503,2,2,False,0.3333333333333337
5227792AC8DE4932B94185303450E897,0,1,False,1.7016666666666669
5227792AC8DE4932B94185303450E897,2,2,False,0.06666666666666732
5227792AC8DE4932B94185303450E897,4,0,True,1.7000000000000002
5227792AC8DE4932B94185303450E897,1,2,False,0.6000000000000001
5227792AC8DE4932B94185303450E897,3,1,False,1.5416666666666667
5227792AC8DE4932B94185303450E897,5,0,True,3.7
5547813AE2834264A089C6494423433C,3,1,False,2.1666666666666665
5547813AE2834264A089C6494423433C,0,2,False,1.7
5547813AE2834264A089C6494423433C,5,1,False,2.1016666666666666
5547813AE2834264A089C6494423433C,4,2,False,0.5
5547813AE2834264A089C6494423433C,2,0,False,1.0666666666666664
5547813AE2834264A089C6494423433C,1,0,False,0.10000000000000009
55BEBD7D848544BFA2B64EEE1A81BE3A,4,1,False,1.74
55BEBD7D848544BFA2B64EEE1A81BE3A,1,2,False,2.8
55BEBD7D848544BFA2B64EEE1A81BE3A,3,2,False,1.9499999999999993
55BEBD7D848544BFA2B64EEE1A81BE3A,0,1,False,1.5416666666666667
55BEBD7D848544BFA2B64EEE1A81BE3A,2,0,False,0.0
55BEBD7D848544BFA2B64EEE1A81BE3A,5,0,False,1.2000000000000002
55CC388FCD7E42AFB788E54614BCDC87,1,1,False,2.5416666666666665
55CC388FCD7E42AFB788E54614BCDC87,0,1,False,1.5816666666666668
55CC388FCD7E42AFB788E54614BCDC87,5,2,False,0.10000000000000009
55CC388FCD7E42AFB788E54614BCDC87,4,0,True,0.49999999999999994
55CC388FCD7E42AFB788E54614BCDC87,3,2,False,1.5999999999999996
55CC388FCD7E42AFB788E54614BCDC87,2,0,True,3.8666666666666663
568D96A1613942D5ACB4B0253518188D,4,1,True,1.6666666666666667
568D96A1613942D5ACB4B0253518188D,0,2,True,2.3
568D96A1613942D5ACB4B0253518188D,2,0,False,0.6000000000000005
568D96A1613942D5ACB4B0253518188D,1,2,True,1.0
568D96A1613942D5ACB4B0253518188D,5,0,False,3.1
568D96A1613942D5ACB4B0253518188D,3,1,True,2.1666666666666665
574F4190651F4832972C9E78DE21BA0E,2,1,False,1.6896296296296296
574F4190651F4832972C9E78DE21BA0E,0,1,False,2.04
574F4190651F4832972C9E78DE21BA0E,1,2,False,1.2
574F4190651F4832972C9E78DE21BA0E,3,2,False,1.0
574F4190651F4832972C9E78DE21BA0E,5,0,False,4.0
574F4190651F4832972C9E78DE21BA0E,4,0,False,0.8
595DA76E0EEE4422825351456B93BD6B,5,1,False,1.6666666666666667
595DA76E0EEE4422825351456B93BD6B,1,0,False,1.1
595DA76E0EEE4422825351456B93BD6B,0,2,False,0.8
595DA76E0EEE4422825351456B93BD6B,2,0,False,1.0666666666666664
595DA76E0EEE4422825351456B93BD6B,4,2,False,3.9
595DA76E0EEE4422825351456B93BD6B,3,1,False,1.6666666666666667
5AD641172DD8454CB4BACCE679A7EA1E,3,1,False,2.1666666666666665
5AD641172DD8454CB4BACCE679A7EA1E,4,2,False,0.9999999999999999
5AD641172DD8454CB4BACCE679A7EA1E,0,2,False,0.5
5AD641172DD8454CB4BACCE679A7EA1E,2,1,False,1.6666666666666667
5AD641172DD8454CB4BACCE679A7EA1E,1,0,False,4.1
5AD641172DD8454CB4BACCE679A7EA1E,5,0,False,0.20000000000000018
5B5C3D85087A4E16BBF4767641D407C0,3,1,False,1.6666666666666667
5B5C3D85087A4E16BBF4767641D407C0,1,0,False,1.2
5B5C3D85087A4E16BBF4767641D407C0,4,2,False,3.6
5B5C3D85087A4E16BBF4767641D407C0,2,1,False,1.962962962962963
5B5C3D85087A4E16BBF4767641D407C0,0,0,False,1.6
5B5C3D85087A4E16BBF4767641D407C0,5,2,False,3.5
5B97A2F49B9A4249879238C1E5173672,1,1,False,1.5
5B97A2F49B9A4249879238C1E5173672,2,1,False,1.6666666666666667
5B97A2F49B9A4249879238C1E5173672,5,2,False,0.19999999999999996
5B97A2F49B9A4249879238C1E5173672,0,2,False,1.6
5B97A2F49B9A4249879238C1E5173672,3,0,False,2.0999999999999996
5B97A2F49B9A4249879238C1E5173672,4,0,False,0.2999999999999998
5D494EDDAE23435D93B9FE8A42AC4542,3,1,False,1.6666666666666667
5D494EDDAE23435D93B9FE8A42AC4542,0,1,False,2.626666666666667
5D494EDDAE23435D93B9FE8A42AC4542,4,0,False,3.5
5D494EDDAE23435D93B9FE8A42AC4542,5,0,False,2.5
5D494EDDAE23435D93B9FE8A42AC4542,1,2,False,2.5
5D494EDDAE23435D93B9FE8A42AC4542,2,2,False,1.1333333333333333
5D84E7FEE554447E86288ADD31896E83,5,1,False,2.1016666666666666
5D84E7FEE554447E86288ADD31896E83,3,1,False,2.1666666666666665
5D84E7FEE554447E86288ADD31896E83,0,0,False,4.8
5D84E7FEE554447E86288ADD31896E83,4,2,False,0.09999999999999998
5D84E7FEE554447E86288ADD31896E83,1,0,False,0.8999999999999999
5D84E7FEE554447E86288ADD31896E83,2,2,False,0.20000000000000018
5EB07F35F41340348C10B16E140D41CD,5,1,False,1.7016666666666669
5EB07F35F41340348C10B16E140D41CD,3,2,False,1.3499999999999996
5EB07F35F41340348C10B16E140D41CD,1,0,False,4.1
5EB07F35F41340348C10B16E140D41CD,0,0,False,4.1
5EB07F35F41340348C10B16E140D41CD,2,1,False,1.6666666666666667
5EB07F35F41340348C10B16E140D41CD,4,2,False,0.10000000000000009
5EE51F753E744CCFB294047E79D3AE52,2,1,False,2.0399999999999996
5EE51F753E744CCFB294047E79D3AE52,0,1,False,3.0
5EE51F753E744CCFB294047E79D3AE52,5,0,False,2.1
5EE51F753E744CCFB294047E79D3AE52,3,0,False,2.9000000000000004
5EE51F753E744CCFB294047E79D3AE52,1,2,False,2.6
5EE51F753E744CCFB294047E79D3AE52,4,2,False,3.1
5F026F06CA5A4400B8DA7A0EFBAB72D5,1,1,True,1.875
5F026F06CA5A4400B8DA7A0EFBAB72D5,5,2,True,1.5
5F026F06CA5A4400B8DA7A0EFBAB72D5,3,0,True,1.6999999999999993
5F026F06CA5A4400B8DA7A0EFBAB72D5,2,1,True,3.0
5F026F06CA5A4400B8DA7A0EFBAB72D5,4,2,True,1.8
5F026F06CA5A4400B8DA7A0EFBAB72D5,0,0,True,2.7
5F7A839198A043C59933778B2AA76ACC,2,1,False,1.5474074074074073
5F7A839198A043C59933778B2AA76ACC,0,2,False,0.3999999999999999
5F7A839198A043C59933778B2AA76ACC,1,1,False,1.875
5F7A839198A043C59933778B2AA76ACC,4,0,False,0.20000000000000018
5F7A839198A043C59933778B2AA76ACC,5,2,False,0.09999999999999987
5F7A839198A043C59933778B2AA76ACC,3,0,False,1.5500000000000007
6092417075EB44E7A6C8B48F9A6CFB4B,4,1,False,1.8266666666666664
6092417075EB44E7A6C8B48F9A6CFB4B,5,1,False,1.6666666666666667
6092417075EB44E7A6C8B48F9A6CFB4B,3,0,False,0.09999999999999964
6092417075EB44E7A6C8B48F9A6CFB4B,1,2,False,1.7000000000000002
6092417075EB44E7A6C8B48F9A6CFB4B,2,2,False,0.6666666666666665
6092417075EB44E7A6C8B48F9A6CFB4B,0,0,False,1.1999999999999997
615CC9830A9E40F1BCAC19540250BF10,4,1,False,2.1016666666666666
615CC9830A9E40F1BCAC19540250BF10,2,1,False,2.1229629629629634
615CC9830A9E40F1BCAC19540250BF10,5,2,False,1.1
615CC9830A9E40F1BCAC19540250BF10,3,2,False,0.4499999999999993
615CC9830A9E40F1BCAC19540250BF10,1,0,False,4.9
615CC9830A9E40F1BCAC19540250BF10,0,0,False,0.40000000000000013
616AF56E726A4531A45234B0AC750A68,1,1,False,1.6666666666666667
616AF56E726A4531A45234B0AC750A68,3,0,True,3.8499999999999996
616AF56E726A4531A45234B0AC750A68,5,0,True,1.1
616AF56E726A4531A45234B0AC750A68,4,2,False,4.4
616AF56E726A4531A45234B0AC750A68,0,1,False,1.6666666666666667
616AF56E726A4531A45234B0AC750A68,2,2,False,1.1999999999999997
621CE27E3DFC46B7BB7BA417398F918A,2,1,False,1.5362962962962963
621CE27E3DFC46B7BB7BA417398F918A,4,1,False,1.7016666666666669
621CE27E3DFC46B7BB7BA417398F918A,5,2,False,0.20000000000000018
621CE27E3DFC46B7BB7BA417398F918A,0,0,False,0.6000000000000001
621CE27E3DFC46B7BB7BA417398F918A,1,2,False,2.4
621CE27E3DFC46B7BB7BA417398F918A,3,0,False,0.5999999999999996
62AA33CD5DF341409E259838FB9FE08C,2,1,False,2.1229629629629634
62AA33CD5DF341409E259838FB9FE08C,3,2,False,0.25
62AA33CD5DF341409E259838FB9FE08C,5,0,False,1.7
62AA33CD5DF341409E259838FB9FE08C,4,0,False,0.10000000000000009
62AA33CD5DF341409E259838FB9FE08C,0,1,False,2.901666666666667
62AA33CD5DF341409E259838FB9FE08C,1,2,False,0.2999999999999998
62F845DA81FF4D948AEAC0A541012217,1,1,False,3.0
62F845DA81FF4D948AEAC0A541012217,0,2,False,5.2
62F845DA81FF4D948AEAC0A541012217,5,1,False,1.5
62F845DA81FF4D948AEAC0A541012217,3,2,False,0.4000000000000003
62F845DA81FF4D948AEAC0A541012217,2,0,False,1.6666666666666665
62F845DA81FF4D948AEAC0A541012217,4,0,False,0.5
6351F748534242D4BFC6E28BB8D8C5A4,3,1,False,1.875
6351F748534242D4BFC6E28BB8D8C5A4,5,0,False,4.4
6351F748534242D4BFC6E28BB8D8C5A4,1,2,False,2.5
6351F748534242D4BFC6E28BB8D8C5A4,0,1,False,2.901666666666667
6351F748534242D4BFC6E28BB8D8C5A4,2,2,False,1.3999999999999995
6351F748534242D4BFC6E28BB8D8C5A4,4,0,False,1.0000000000000002
63CCB99291884DB49454E28CF01D6FE0,2,1,True,1.962962962962963
63CCB99291884DB49454E28CF01D6FE0,5,2,True,0.7000000000000002
63CCB99291884DB49454E28CF01D6FE0,1,0,False,1.1
63CCB99291884DB49454E28CF01D6FE0,3,0,False,3.0
63CCB99291884DB49454E28CF01D6FE0,4,2,True,0.8000000000000003
63CCB99291884DB49454E28CF01D6FE0,0,1,True,1.7016666666666669
656A7E7F733E454094A60ABCEA4ED5B1,3,1,False,1.68375
656A7E7F733E454094A60ABCEA4ED5B1,1,0,False,0.0
656A7E7F733E454094A60ABCEA4ED5B1,4,2,False,2.4
656A7E7F733E454094A60ABCEA4ED5B1,0,1,False,1.74
656A7E7F733E454094A60ABCEA4ED5B1,5,2,False,4.7
656A7E7F733E454094A60ABCEA4ED5B1,2,0,False,1.0
661CA51D2D484D578EA5B0CE1B7DAE62,0,1,False,1.6666666666666667
661CA51D2D484D578EA5B0CE1B7DAE62,1,1,False,1.5599999999999998
661CA51D2D484D578EA5B0CE1B7DAE62,4,2,False,0.09999999999999998
661CA51D2D484D578EA5B0CE1B7DAE62,2,0,False,0.9999999999999991
661CA51D2D484D578EA5B0CE1B7DAE62,3,0,False,1.1999999999999993
661CA51D2D484D578EA5B0CE1B7DAE62,5,2,False,0.7000000000000001
67F79D2CE9BA4DF9B9A4A09E064F8980,3,1,False,2.2004166666666674
67F79D2CE9BA4DF9B9A4A09E064F8980,5,1,False,2.1666666666666665
67F79D2CE9BA4DF9B9A4A09E064F8980,2,0,False,2.133333333333334
67F79D2CE9BA4DF9B9A4A09E064F8980,1,2,False,0.2
67F79D2CE9BA4DF9B9A4A09E064F8980,4,0,False,2.9000000000000004
67F79D2CE9BA4DF9B9A4A09E064F8980,0,2,False,1.7
6C1964B0357642AD8167B7329869BDF4,2,1,False,1.5266666666666666
6C1964B0357642AD8167B7329869BDF4,1,2,False,0.09999999999999964
6C1964B0357642AD8167B7329869BDF4,5,0,False,2.4
6C1964B0357642AD8167B7329869BDF4,3,0,False,1.25
6C1964B0357642AD8167B7329869BDF4,4,2,False,1.4
6C1964B0357642AD8167B7329869BDF4,0,1,False,2.46
6DD3F01138B1437F84357DA4197312F9,3,1,True,3.0
6DD3F01138B1437F84357DA4197312F9,4,2,True,0.20000000000000018
6DD3F01138B1437F84357DA4197312F9,5,2,True,2.6
6DD3F01138B1437F84357DA4197312F9,0,1,True,3.0
6DD3F01138B1437F84357DA4197312F9,1,0,True,1.8
6DD3F01138B1437F84357DA4197312F9,2,0,True,1.1333333333333337
6E49D30C07F943328B3544D437D78C13,5,1,False,3.0
6E49D30C07F943328B3544D437D78C13,3,2,False,3.8499999999999996
6E49D30C07F943328B3544D437D78C13,4,0,False,1.7
6E49D30C07F943328B3544D437D78C13,2,1,False,1.5740740740740737
6E49D30C07F943328B3544D437D78C13,0,0,False,0.4999999999999999
6E49D30C07F943328B3544D437D78C13,1,2,False,4.300000000000001
70956CE39E3443C6B0C43FDA1F839A92,3,1,True,2.1666666666666665
70956CE39E3443C6B0C43FDA1F839A92,1,1,True,3.0
70956CE39E3443C6B0C43FDA1F839A92,4,0,True,2.5
70956CE39E3443C6B0C43FDA1F839A92,0,0,True,0.6000000000000001
70956CE39E3443C6B0C43FDA1F839A92,2,2,True,0.9333333333333345
70956CE39E3443C6B0C43FDA1F839A92,5,2,True,5.5
72B24CAB3612402FA1CE04E6DA551807,5,1,False,2.1666666666666665
72B24CAB3612402FA1CE04E6DA551807,4,0,False,1.1
72B24CAB3612402FA1CE04E6DA551807,3,0,False,1.0999999999999996
72B24CAB3612402FA1CE04E6DA551807,2,1,False,1.6451851851851853
72B24CAB3612402FA1CE04E6DA551807,0,2,False,0.30000000000000004
72B24CAB3612402FA1CE04E6DA551807,1,2,False,0.30000000000000004
743207BFEEEB4ADBBBC6804E406096FD,5,1,False,1.6666666666666667
743207BFEEEB4ADBBBC6804E406096FD,1,0,False,3.9
743207BFEEEB4ADBBBC6804E406096FD,2,1,False,2.407407407407408
743207BFEEEB4ADBBBC6804E406096FD,4,0,False,0.7999999999999998
743207BFEEEB4ADBBBC6804E406096FD,0,2,False,0.4
743207BFEEEB4ADBBBC6804E406096FD,3,2,False,0.40000000000000036
74901D2ADE564603BE59D28A55952B5C,0,1,False,1.5
74901D2ADE564603BE59D28A55952B5C,4,2,False,3.1
74901D2ADE564603BE59D28A55952B5C,1,0,False,0.30000000000000004
74901D2ADE564603BE59D28A55952B5C,5,1,False,3.0
74901D2ADE564603BE59D28A55952B5C,3,2,False,1.5999999999999996
74901D2ADE564603BE59D28A55952B5C,2,0,False,1.0666666666666667
74AF200637384EC79071D83472997B5B,4,1,True,2.901666666666667
74AF200637384EC79071D83472997B5B,2,0,False,0.46666666666666723
74AF200637384EC79071D83472997B5B,5,2,True,0.5
74AF200637384EC79071D83472997B5B,1,1,True,3.0
74AF200637384EC79071D83472997B5B,0,2,True,1.6
74AF200637384EC79071D83472997B5B,3,0,False,2.1500000000000004
7574B205603B4178A51D9DD33E874DF7,5,1,False,1.635
7574B205603B4178A51D9DD33E874DF7,4,1,False,3.0
7574B205603B4178A51D9DD33E874DF7,0,0,False,1.0
7574B205603B4178A51D9DD33E874DF7,3,2,False,0.0
7574B205603B4178A51D9DD33E874DF7,2,0,False,0.0
7574B205603B4178A51D9DD33E874DF7,1,2,False,5.5
75B0842870264A0FAF715863AA8AA62C,2,1,False,1.8585185185185187
75B0842870264A0FAF715863AA8AA62C,1,1,False,3.0
75B0842870264A0FAF715863AA8AA62C,4,0,False,1.4
75B0842870264A0FAF715863AA8AA62C,0,2,False,3.9000000000000004
75B0842870264A0FAF715863AA8AA62C,5,0,False,0.8
75B0842870264A0FAF715863AA8AA62C,3,2,False,0.8999999999999986
75B7E17B71B840568DF71AE43662AD2D,3,1,False,1.875
75B7E17B71B840568DF71AE43662AD2D,4,1,False,2.1666666666666665
75B7E17B71B840568DF71AE43662AD2D,5,2,False,0.6000000000000001
75B7E17B71B840568DF71AE43662AD2D,0,0,True,0.20000000000000018
75B7E17B71B840568DF71AE43662AD2D,2,0,True,1.0666666666666664
75B7E17B71B840568DF71AE43662AD2D,1,2,False,0.10000000000000009
77E6F6E7D0B74138BF586EB3C0C186D3,5,1,True,1.6666666666666667
77E6F6E7D0B74138BF586EB3C0C186D3,2,2,True,3.266666666666667
77E6F6E7D0B74138BF586EB3C0C186D3,1,1,True,2.1666666666666665
77E6F6E7D0B74138BF586EB3C0C186D3,4,2,True,0.0
77E6F6E7D0B74138BF586EB3C0C186D3,0,0,True,1.1
77E6F6E7D0B74138BF586EB3C0C186D3,3,0,True,0.6500000000000004
784A96937A0F44E1BA55D7971CA37B7A,1,1,False,1.5
784A96937A0F44E1BA55D7971CA37B7A,4,0,False,1.3
784A96937A0F44E1BA55D7971CA37B7A,3,1,False,3.0
784A96937A0F44E1BA55D7971CA37B7A,5,2,False,1.4
784A96937A0F44E1BA55D7971CA37B7A,2,2,False,1.7333333333333334
784A96937A0F44E1BA55D7971CA37B7A,0,0,False,0.0
7CC99E8E618C417F96297A4D4D01B3A9,3,1,False,2.1666666666666665
7CC99E8E618C417F96297A4D4D01B3A9,2,0,False,1.9333333333333331
7CC99E8E618C417F96297A4D4D01B3A9,4,2,False,1.0999999999999999
7CC99E8E618C417F96297A4D4D01B3A9,0,1,False,2.235
7CC99E8E618C417F96297A4D4D01B3A9,1,2,False,0.5
7CC99E8E618C417F96297A4D4D01B3A9,5,0,False,3.2
7CF9BDBEF5A8487E9059DF7AEDC12B6A,4,1,False,1.6666666666666667
7CF9BDBEF5A8487E9059DF7AEDC12B6A,0,2,False,2.2
7CF9BDBEF5A8487E9059DF7AEDC12B6A,1,2,False,2.3
7CF9BDBEF5A8487E9059DF7AEDC12B6A,5,1,False,2.1016666666666666
7CF9BDBEF5A8487E9059DF7AEDC12B6A,3,0,False,3.1500000000000004
7CF9BDBEF5A8487E9059DF7AEDC12B6A,2,0,False,3.333333333333334
7D0115E866E04B4DAEB395CF66EE6E93,1,1,False,2.1016666666666666
7D0115E866E04B4DAEB395CF66EE6E93,0,1,False,1.6666666666666667
7D0115E866E04B4DAEB395CF66EE6E93,4,0,False,0.7000000000000001
7D0115E866E04B4DAEB395CF66EE6E93,5,0,False,3.7
7D0115E866E04B4DAEB395CF66EE6E93,2,2,False,0.8666666666666667
7D0115E866E04B4DAEB395CF66EE6E93,3,2,False,3.299999999999999
7D0CC43EFF454085A097E314118598BA,3,1,False,3.0
7D0CC43EFF454085A097E314118598BA,4,0,False,0.7999999999999999
7D0CC43EFF454085A097E314118598BA,5,1,False,1.5416666666666667
7D0CC43EFF454085A097E314118598BA,0,2,False,0.20000000000000018
7D0CC43EFF454085A097E314118598BA,2,0,False,1.8666666666666667
7D0CC43EFF454085A097E314118598BA,1,2,False,1.3
7D2AA6C9DCAB4434A73654D7866D56DA,1,1,False,3.0
7D2AA6C9DCAB4434A73654D7866D56DA,5,2,False,0.5
7D2AA6C9DCAB4434A73654D7866D56DA,3,2,False,0.20000000000000107
7D2AA6C9DCAB4434A73654D7866D56DA,0,1,False,3.0
7D2AA6C9DCAB4434A73654D7866D56DA,2,0,False,1.8666666666666671
7D2AA6C9DCAB4434A73654D7866D56DA,4,0,False,1.6999999999999997
7DD0416DB65047FDAA5BCCEDBDF9B817,1,1,False,2.1666666666666665
7DD0416DB65047FDAA5BCCEDBDF9B817,5,1,False,2.1016666666666666
7DD0416DB65047FDAA5BCCEDBDF9B817,0,0,False,1.3
7DD0416DB65047FDAA5BCCEDBDF9B817,4,2,False,0.6000000000000001
7DD0416DB65047FDAA5BCCEDBDF9B817,2,2,False,1.3333333333333333
7DD0416DB65047FDAA5BCCEDBDF9B817,3,0,False,0.8499999999999996
7E7FFF91574340099FF37E7D0DAF7EC1,5,1,False,1.6666666666666667
7E7FFF91574340099FF37E7D0DAF7EC1,4,1,False,1.5
7E7FFF91574340099FF37E7D0DAF7EC1,2,0,False,0.2666666666666666
7E7FFF91574340099FF37E7D0DAF7EC1,0,2,False,1.4
7E7FFF91574340099FF37E7D0DAF7EC1,3,0,False,0.25
7E7FFF91574340099FF37E7D0DAF7EC1,1,2,False,0.6
7EA447B17B6F49F886B5BC14E855C3B2,1,1,False,2.1666666666666665
7EA447B17B6F49F886B5BC14E855C3B2,3,2,False,1.75
7EA447B17B6F49F886B5BC14E855C3B2,0,2,False,4.4
7EA447B17B6F49F886B5BC14E855C3B2,5,1,False,1.6666666666666667
7EA447B17B6F49F886B5BC14E855C3B2,4,0,False,4.5
7EA447B17B6F49F886B5BC14E855C3B2,2,0,False,0.666666666666667
7EC45458279B4F3CAB893C87E626B2CD,0,1,False,1.5816666666666668
7EC45458279B4F3CAB893C87E626B2CD,1,0,False,2.4
7EC45458279B4F3CAB893C87E626B2CD,5,0,False,3.9000000000000004
7EC45458279B4F3CAB893C87E626B2CD,2,1,False,3.0
7EC45458279B4F3CAB893C87E626B2CD,4,2,False,0.9
7EC45458279B4F3CAB893C87E626B2CD,3,2,False,5.35
7EFB4289A56543A29359E1AD1AB42A43,0,1,False,1.7016666666666669
7EFB4289A56543A29359E1AD1AB42A43,3,0,True,5.0
7EFB4289A56543A29359E1AD1AB42A43,1,1,False,1.5016666666666667
7EFB4289A56543A29359E1AD1AB42A43,2,0,True,2.6666666666666674
7EFB4289A56543A29359E1AD1AB42A43,4,2,False,0.6999999999999997
7EFB4289A56543A29359E1AD1AB42A43,5,2,False,3.6
806D226A01364D8CA035AF355D331A09,3,1,True,1.5104166666666667
806D226A01364D8CA035AF355D331A09,4,2,True,2.8000000000000003
806D226A01364D8CA035AF355D331A09,1,0,False,1.4000000000000001
806D226A01364D8CA035AF355D331A09,2,2,True,0.2666666666666666
806D226A01364D8CA035AF355D331A09,5,1,True,1.5066666666666666
806D226A01364D8CA035AF355D331A09,0,0,False,1.9
80868335631448E0BE28B6B22FA71C4B,1,1,False,1.7016666666666669
80868335631448E0BE28B6B22FA71C4B,2,0,False,0.0
80868335631448E0BE28B6B22FA71C4B,3,2,False,1.4000000000000004
80868335631448E0BE28B6B22FA71C4B,5,0,False,2.1999999999999997
80868335631448E0BE28B6B22FA71C4B,0,1,False,1.5066666666666666
80868335631448E0BE28B6B22FA71C4B,4,2,False,1.0
80E6C86777114626B61A9D4C7D827A38,4,1,False,1.6666666666666667
80E6C86777114626B61A9D4C7D827A38,5,2,False,1.7000000000000002
80E6C86777114626B61A9D4C7D827A38,0,1,False,1.5
80E6C86777114626B61A9D4C7D827A38,1,0,False,0.0
80E6C86777114626B61A9D4C7D827A38,3,2,False,0.25
80E6C86777114626B61A9D4C7D827A38,2,0,False,0.33333333333333304
82500BB854904132BB951C6F043C9A6E,1,1,False,3.0
82500BB854904132BB951C6F043C9A6E,5,0,False,3.5999999999999996
82500BB854904132BB951C6F043C9A6E,3,1,False,2.1666666666666665
82500BB854904132BB951C6F043C9A6E,4,2,False,1.2000000000000002
82500BB854904132BB951C6F043C9A6E,2,2,False,0.4666666666666668
82500BB854904132BB951C6F043C9A6E,0,0,False,1.3
853B2FE41C89428FA5E51DEB9AAAD08A,1,1,False,1.9266666666666667
853B2FE41C89428FA5E51DEB9AAAD08A,4,1,False,2.1016666666666666
853B2FE41C89428FA5E51DEB9AAAD08A,0,0,False,2.8
853B2FE41C89428FA5E51DEB9AAAD08A,5,0,False,0.3999999999999999
853B2FE41C89428FA5E51DEB9AAAD08A,2,2,False,0.2666666666666657
853B2FE41C89428FA5E51DEB9AAAD08A,3,2,False,0.25
866EA17107974B69A2ADB4F51A58E121,5,1,True,1.6666666666666667
866EA17107974B69A2ADB4F51A58E121,2,1,True,1.5740740740740737
866EA17107974B69A2ADB4F51A58E121,1,0,True,0.20000000000000018
866EA17107974B69A2ADB4F51A58E121,4,2,True,1.5
866EA17107974B69A2ADB4F51A58E121,0,2,True,0.5
866EA17107974B69A2ADB4F51A58E121,3,0,True,3.799999999999999
8785635866FB48108AD172D25DC74F1F,5,1,False,1.6666666666666667
8785635866FB48108AD172D25DC74F1F,0,2,False,0.20000000000000018
8785635866FB48108AD172D25DC74F1F,4,0,False,4.3
8785635866FB48108AD172D25DC74F1F,2,1,False,1.6896296296296296
8785635866FB48108AD172D25DC74F1F,1,2,False,4.5
8785635866FB48108AD172D25DC74F1F,3,0,False,0.25
87FDE072BC0A4C78A27D8204BB109D93,1,1,True,1.5599999999999998
87FDE072BC0A4C78A27D8204BB109D93,4,1,True,1.74
87FDE072BC0A4C78A27D8204BB109D93,3,0,True,0.34999999999999964
87FDE072BC0A4C78A27D8204BB109D93,0,2,True,1.1
87FDE072BC0A4C78A27D8204BB109D93,2,2,True,0.13333333333333264
87FDE072BC0A4C78A27D8204BB109D93,5,0,True,1.2000000000000002
88BDC570A1B2499E8CF7074951296121,1,1,True,2.1666666666666665
88BDC570A1B2499E8CF7074951296121,5,0,False,0.5
88BDC570A1B2499E8CF7074951296121,4,0,False,0.40000000000000036
88BDC570A1B2499E8CF7074951296121,3,1,True,1.7399999999999995
88BDC570A1B2499E8CF7074951296121,2,2,True,1.0666666666666673
88BDC570A1B2499E8CF7074951296121,0,2,True,0.9999999999999999
89355CB43B4447108CAF1405D757C400,4,1,False,1.6666666666666667
89355CB43B4447108CAF1405D757C400,3,2,False,4.4
89355CB43B4447108CAF1405D757C400,1,2,False,4.0
89355CB43B4447108CAF1405D757C400,2,1,False,1.6666666666666667
89355CB43B4447108CAF1405D757C400,5,0,False,2.8
89355CB43B4447108CAF1405D757C400,0,0,False,5.300000000000001
8A854D078A7B44279B2D4A8BFF07C462,2,1,True,1.6896296296296291
8A854D078A7B44279B2D4A8BFF07C462,4,2,True,0.7
8A854D078A7B44279B2D4A8BFF07C462,5,1,True,1.635
8A854D078A7B44279B2D4A8BFF07C462,0,2,True,0.0
8A854D078A7B44279B2D4A8BFF07C462,1,0,False,0.30000000000000004
8A854D078A7B44279B2D4A8BFF07C462,3,0,False,3.0999999999999996
8A996A74787B4B7E9A134197FD8166CD,2,1,False,2.407407407407407
8A996A74787B4B7E9A134197FD8166CD,1,1,False,3.0
8A996A74787B4B7E9A134197FD8166CD,0,0,False,2.0
8A996A74787B4B7E9A134197FD8166CD,5,0,False,3.4
8A996A74787B4B7E9A134197FD8166CD,3,2,False,3.1999999999999993
8A996A74787B4B7E9A134197FD8166CD,4,2,False,1.2
8AF23530361D486486739FFB5246354C,1,1,False,2.1666666666666665
8AF23530361D486486739FFB5246354C,3,2,False,2.6500000000000004
8AF23530361D486486739FFB5246354C,2,2,False,0.2666666666666666
8AF23530361D486486739FFB5246354C,4,1,False,1.5
8AF23530361D486486739FFB5246354C,5,0,False,1.6
8AF23530361D486486739FFB5246354C,0,0,False,2.9
8B2E9F1EFC6748C799F3ADEBF49DC920,4,1,False,2.1666666666666665
8B2E9F1EFC6748C799F3ADEBF49DC920,5,2,False,1.2000000000000002
8B2E9F1EFC6748C799F3ADEBF49DC920,2,0,False,1.6666666666666665
8B2E9F1EFC6748C799F3ADEBF49DC920,1,1,False,1.5
8B2E9F1EFC6748C799F3ADEBF49DC920,3,2,False,1.5
8B2E9F1EFC6748C799F3ADEBF49DC920,0,0,False,4.7
8B5B74FB70B54207AA9E1152DDC9CE0B,0,1,True,1.6666666666666667
8B5B74FB70B54207AA9E1152DDC9CE0B,5,0,False,1.4
8B5B74FB70B54207AA9E1152DDC9CE0B,4,1,True,2.1666666666666665
8B5B74FB70B54207AA9E1152DDC9CE0B,2,2,True,0.5999999999999996
8B5B74FB70B54207AA9E1152DDC9CE0B,1,0,False,1.4
8B5B74FB70B54207AA9E1152DDC9CE0B,3,2,True,1.1500000000000004
8BC8ABF07C164B0086747317AA9E37D9,0,1,False,1.6666666666666667
8BC8ABF07C164B0086747317AA9E37D9,5,2,False,1.5
8BC8ABF07C164B0086747317AA9E37D9,4,0,False,1.0
8BC8ABF07C164B0086747317AA9E37D9,3,2,False,0.09999999999999964
8BC8ABF07C164B0086747317AA9E37D9,1,1,False,1.6666666666666667
8BC8ABF07C164B0086747317AA9E37D9,2,0,False,1.1333333333333333
8BCD3165FC8844EB885C6F0E3D93C1F7,3,1,False,2.2004166666666674
8BCD3165FC8844EB885C6F0E3D93C1F7,2,0,False,5.266666666666666
8BCD3165FC8844EB885C6F0E3D93C1F7,4,0,False,1.9
8BCD3165FC8844EB885C6F0E3D93C1F7,0,2,False,2.3
8BCD3165FC8844EB885C6F0E3D93C1F7,1,1,False,1.5066666666666666
8BCD3165FC8844EB885C6F0E3D93C1F7,5,2,False,0.19999999999999996
8E3BA3BA0E144E2CB242FA05142CA2DB,3,1,False,2.101666666666667
8E3BA3BA0E144E2CB242FA05142CA2DB,2,0,False,3.733333333333333
8E3BA3BA0E144E2CB242FA05142CA2DB,1,1,False,1.6666666666666667
8E3BA3BA0E144E2CB242FA05142CA2DB,5,0,False,0.4
8E3BA3BA0E144E2CB242FA05142CA2DB,0,2,False,1.7999999999999998
8E3BA3BA0E144E2CB242FA05142CA2DB,4,2,False,1.2
8E540E9A87E64F10B502EBEFC259E6D8,0,1,True,1.6666666666666667
8E540E9A87E64F10B502EBEFC259E6D8,5,0,True,0.30000000000000004
8E540E9A87E64F10B502EBEFC259E6D8,3,2,True,0.9500000000000011
8E540E9A87E64F10B502EBEFC259E6D8,2,0,True,0.666666666666667
8E540E9A87E64F10B502EBEFC259E6D8,4,1,True,2.1666666666666665
8E540E9A87E64F10B502EBEFC259E6D8,1,2,True,1.6
8E9D0505A9554113A9CF2A3C10FD70F5,1,1,False,1.7816666666666665
8E9D0505A9554113A9CF2A3C10FD70F5,5,1,False,2.3066666666666666
8E9D0505A9554113A9CF2A3C10FD70F5,0,0,False,1.4999999999999998
8E9D0505A9554113A9CF2A3C10FD70F5,2,2,False,2.666666666666667
8E9D0505A9554113A9CF2A3C10FD70F5,4,0,False,0.8
8E9D0505A9554113A9CF2A3C10FD70F5,3,2,False,0.8499999999999996
8F5414CE2D9E4C7A951163D49341C4F1,3,1,False,1.6666666666666667
8F5414CE2D9E4C7A951163D49341C4F1,1,1,False,1.6666666666666667
8F5414CE2D9E4C7A951163D49341C4F1,4,2,False,3.3
8F5414CE2D9E4C7A951163D49341C4F1,0,2,False,2.3
8F5414CE2D9E4C7A951163D49341C4F1,5,0,False,2.3
8F5414CE2D9E4C7A951163D49341C4F1,2,0,False,0.3333333333333319
8FD1D7CFE8C146558D361B11982CFF04,3,1,False,2.9504166666666656
8FD1D7CFE8C146558D361B11982CFF04,1,0,False,2.4
8FD1D7CFE8C146558D361B11982CFF04,0,1,False,3.0
8FD1D7CFE8C146558D361B11982CFF04,4,2,False,1.0
8FD1D7CFE8C146558D361B11982CFF04,2,0,False,1.533333333333334
8FD1D7CFE8C146558D361B11982CFF04,5,2,False,1.5
8FE10DE6B56B4F0C937A5A65C74D70CD,5,1,False,1.6666666666666667
8FE10DE6B56B4F0C937A5A65C74D70CD,0,1,False,2.1666666666666665
8FE10DE6B56B4F0C937A5A65C74D70CD,3,2,False,1.549999999999999
8FE10DE6B56B4F0C937A5A65C74D70CD,4,0,False,1.0
8FE10DE6B56B4F0C937A5A65C74D70CD,1,2,False,1.2000000000000002
8FE10DE6B56B4F0C937A5A65C74D70CD,2,0,False,3.066666666666666
8FFD8A377311493BB0085175099606BB,0,1,False,3.0
8FFD8A377311493BB0085175099606BB,4,0,False,1.4000000000000001
8FFD8A377311493BB0085175099606BB,1,2,False,0.0
8FFD8A377311493BB0085175099606BB,2,2,False,0.06666666666666643
8FFD8A377311493BB0085175099606BB,3,0,False,2.4499999999999993
8FFD8A377311493BB0085175099606BB,5,1,False,1.74
90D1BC8E7F854BDBAA70C598ED33F2F8,0,1,False,1.6666666666666667
90D1BC8E7F854BDBAA70C598ED33F2F8,3,1,False,3.0
90D1BC8E7F854BDBAA70C598ED33F2F8,2,0,False,2.9333333333333336
90D1BC8E7F854BDBAA70C598ED33F2F8,4,0,False,2.1
90D1BC8E7F854BDBAA70C598ED33F2F8,5,2,False,2.2
90D1BC8E7F854BDBAA70C598ED33F2F8,1,2,False,1.7999999999999998
9213B9DBB7DE41C981F9EB49C34EB28C,0,1,True,1.9266666666666667
9213B9DBB7DE41C981F9EB49C34EB28C,1,1,True,1.9816666666666667
9213B9DBB7DE41C981F9EB49C34EB28C,5,2,True,2.6
9213B9DBB7DE41C981F9EB49C34EB28C,4,0,True,1.1
9213B9DBB7DE41C981F9EB49C34EB28C,2,2,True,0.666666666666667
9213B9DBB7DE41C981F9EB49C34EB28C,3,0,True,0.8499999999999996
92C38817AF7E4D61A934333856DC19C0,0,1,False,1.6666666666666667
92C38817AF7E4D61A934333856DC19C0,1,0,False,0.3999999999999999
92C38817AF7E4D61A934333856DC19C0,3,1,False,2.1666666666666665
92C38817AF7E4D61A934333856DC19C0,2,0,False,2.0666666666666673
92C38817AF7E4D61A934333856DC19C0,4,2,False,0.20000000000000018
92C38817AF7E4D61A934333856DC19C0,5,2,False,4.4
939FA9F26CC745BB8501F31F9772E8CB,4,1,False,1.635
939FA9F26CC745BB8501F31F9772E8CB,1,1,False,1.635
939FA9F26CC745BB8501F31F9772E8CB,0,2,False,2.6
939FA9F26CC745BB8501F31F9772E8CB,3,2,False,1.9000000000000004
939FA9F26CC745BB8501F31F9772E8CB,2,0,False,0.5333333333333332
939FA9F26CC745BB8501F31F9772E8CB,5,0,False,0.19999999999999996
964FF143DC2F455EAFC2BB86EB87F19E,3,1,False,2.1666666666666665
964FF143DC2F455EAFC2BB86EB87F19E,0,1,False,1.9266666666666667
964FF143DC2F455EAFC2BB86EB87F19E,1,0,True,4.3
964FF143DC2F455EAFC2BB86EB87F19E,2,2,False,2.533333333333333
964FF143DC2F455EAFC2BB86EB87F19E,4,0,True,4.1
964FF143DC2F455EAFC2BB86EB87F19E,5,2,False,1.4000000000000001
969CD55E1001442D8EEDF19F710712F5,0,1,False,1.6666666666666667
969CD55E1001442D8EEDF19F710712F5,5,0,False,0.0
969CD55E1001442D8EEDF19F710712F5,4,0,False,0.4
969CD55E1001442D8EEDF19F710712F5,1,1,False,1.9266666666666667
969CD55E1001442D8EEDF19F710712F5,2,2,False,0.26666666666666705
969CD55E1001442D8EEDF19F710712F5,3,2,False,0.34999999999999964
972F5FC312B54088BD1700B63688870E,2,1,True,1.5118518518518516
972F5FC312B54088BD1700B63688870E,5,0,True,4.800000000000001
972F5FC312B54088BD1700B63688870E,1,1,True,2.1016666666666666
972F5FC312B54088BD1700B63688870E,0,2,True,0.20000000000000007
972F5FC312B54088BD1700B63688870E,4,2,True,2.9000000000000004
972F5FC312B54088BD1700B63688870E,3,0,True,2.75
9954C72EF776429E9DBB1197255C5824,2,1,False,1.6251851851851853
9954C72EF776429E9DBB1197255C5824,4,2,False,0.10000000000000009
9954C72EF776429E9DBB1197255C5824,0,1,False,2.715
9954C72EF776429E9DBB1197255C5824,5,0,False,0.8999999999999999
9954C72EF776429E9DBB1197255C5824,1,2,False,0.9000000000000001
9954C72EF776429E9DBB1197255C5824,3,0,False,0.1999999999999993
997B347C4F6B44B3A16CB0CADF5933DD,2,1,True,1.5185185185185184
997B347C4F6B44B3A16CB0CADF5933DD,0,1,True,1.6666666666666667
997B347C4F6B44B3A16CB0CADF5933DD,3,0,True,2.6500000000000004
997B347C4F6B44B3A16CB0CADF5933DD,4,2,True,3.5
997B347C4F6B44B3A16CB0CADF5933DD,1,0,True,3.7
997B347C4F6B44B3A16CB0CADF5933DD,5,2,True,1.1
9BA21584E852433B84023184E3D937F6,5,1,False,1.6666666666666667
9BA21584E852433B84023184E3D937F6,1,1,False,3.0
9BA21584E852433B84023184E3D937F6,0,2,False,3.9
9BA21584E852433B84023184E3D937F6,4,2,False,0.7000000000000002
9BA21584E852433B84023184E3D937F6,2,0,False,0.06666666666666554
9BA21584E852433B84023184E3D937F6,3,0,False,0.0
9BADD97F2B104E599FE7C3F087B520EF,1,1,False,1.6666666666666667
9BADD97F2B104E599FE7C3F087B520EF,3,1,False,1.5
9BADD97F2B104E599FE7C3F087B520EF,5,0,False,3.0
9BADD97F2B104E599FE7C3F087B520EF,4,2,False,1.0
9BADD97F2B104E599FE7C3F087B520EF,0,2,False,1.3
9BADD97F2B104E599FE7C3F087B520EF,2,0,False,0.7333333333333334
9D42B7D7227B43F2B118457A226999EC,1,1,False,1.6666666666666667
9D42B7D7227B43F2B118457A226999EC,3,2,False,3.1000000000000014
9D42B7D7227B43F2B118457A226999EC,5,0,False,0.5
9D42B7D7227B43F2B118457A226999EC,4,0,False,0.19999999999999996
9D42B7D7227B43F2B118457A226999EC,2,2,False,2.533333333333333
9D42B7D7227B43F2B118457A226999EC,0,1,False,1.875
9E550A5C2D564713B92461A1D4D37F98,2,1,False,1.5066666666666668
9E550A5C2D564713B92461A1D4D37F98,0,2,False,1.5
9E550A5C2D564713B92461A1D4D37F98,1,2,False,0.9999999999999998
9E550A5C2D564713B92461A1D4D37F98,5,1,False,1.5816666666666668
9E550A5C2D564713B92461A1D4D37F98,4,0,False,0.6000000000000001
9E550A5C2D564713B92461A1D4D37F98,3,0,False,2.0999999999999996
9F78CBF45107417A82FB14442D0149DA,3,1,True,1.68375
9F78CBF45107417A82FB14442D0149DA,4,1,True,1.8266666666666664
9F78CBF45107417A82FB14442D0149DA,5,0,False,4.0
9F78CBF45107417A82FB14442D0149DA,2,2,True,0.4666666666666668
9F78CBF45107417A82FB14442D0149DA,1,0,False,4.5
9F78CBF45107417A82FB14442D0149DA,0,2,True,1.0999999999999999
9FACA33E1CA34ADEB1AB3319776B1BE3,2,1,False,1.5474074074074073
9FACA33E1CA34ADEB1AB3319776B1BE3,4,1,False,1.5266666666666666
9FACA33E1CA34ADEB1AB3319776B1BE3,5,0,False,0.7
9FACA33E1CA34ADEB1AB3319776B1BE3,1,2,False,1.3
9FACA33E1CA34ADEB1AB3319776B1BE3,3,2,False,1.5
9FACA33E1CA34ADEB1AB3319776B1BE3,0,0,False,1.7000000000000002
A03E5FA85ABF4E88890A05D201D11D29,0,1,False,2.1016666666666666
A03E5FA85ABF4E88890A05D201D11D29,1,1,False,2.1016666666666666
A03E5FA85ABF4E88890A05D201D11D29,5,0,False,0.9
A03E5FA85ABF4E88890A05D201D11D29,4,0,False,0.10000000000000009
A03E5FA85ABF4E88890A05D201D11D29,3,2,False,0.9500000000000011
A03E5FA85ABF4E88890A05D201D11D29,2,2,False,2.0666666666666673
A09E5BE893AD458F962CAFB15189D7D7,3,1,False,3.0
A09E5BE893AD458F962CAFB15189D7D7,5,0,True,1.2000000000000002
A09E5BE893AD458F962CAFB15189D7D7,2,0,True,0.6000000000000001
A09E5BE893AD458F962CAFB15189D7D7,4,2,False,0.8999999999999999
A09E5BE893AD458F962CAFB15189D7D7,0,1,False,1.5066666666666666
A09E5BE893AD458F962CAFB15189D7D7,1,2,False,2.3
A247620E78444DE4885DEBEC395C965D,4,1,False,2.04
A247620E78444DE4885DEBEC395C965D,1,0,False,1.4
A247620E78444DE4885DEBEC395C965D,0,2,False,1.5
A247620E78444DE4885DEBEC395C965D,5,2,False,0.8000000000000003
A247620E78444DE4885DEBEC395C965D,2,1,False,1.796296296296296
A247620E78444DE4885DEBEC395C965D,3,0,False,0.40000000000000036
A71079D0714843898C15BC1546765543,0,1,True,2.46
A71079D0714843898C15BC1546765543,3,0,True,0.6500000000000004
A71079D0714843898C15BC1546765543,1,2,True,0.0
A71079D0714843898C15BC1546765543,4,1,True,1.7016666666666669
A71079D0714843898C15BC1546765543,2,2,True,1.2000000000000006
A71079D0714843898C15BC1546765543,5,0,True,3.6
A7195B30234E43DB88759A16E58CBDDE,1,1,False,2.1016666666666666
A7195B30234E43DB88759A16E58CBDDE,3,2,False,4.800000000000001
A7195B30234E43DB88759A16E58CBDDE,4,0,False,4.2
A7195B30234E43DB88759A16E58CBDDE,5,0,False,1.7
A7195B30234E43DB88759A16E58CBDDE,0,1,False,1.5266666666666666
A7195B30234E43DB88759A16E58CBDDE,2,2,False,1.5999999999999996
A83ABB234C7A439CB17BE21FEE52A327,1,1,False,1.6666666666666667
A83ABB234C7A439CB17BE21FEE52A327,0,2,False,1.4
A83ABB234C7A439CB17BE21FEE52A327,3,0,False,0.6999999999999993
A83ABB234C7A439CB17BE21FEE52A327,2,0,False,0.3999999999999999
A83ABB234C7A439CB17BE21FEE52A327,4,2,False,0.30000000000000004
A83ABB234C7A439CB17BE21FEE52A327,5,1,False,1.5416666666666667
A9EA054DB37D4A2B8BFB4C73CB3759C9,5,1,False,1.9816666666666667
A9EA054DB37D4A2B8BFB4C73CB3759C9,3,2,False,0.34999999999999964
A9EA054DB37D4A2B8BFB4C73CB3759C9,0,2,False,1.0000000000000002
A9EA054DB37D4A2B8BFB4C73CB3759C9,1,1,False,1.6666666666666667
A9EA054DB37D4A2B8BFB4C73CB3759C9,4,0,False,2.4
A9EA054DB37D4A2B8BFB4C73CB3759C9,2,0,False,2.666666666666668
AC233FB4D1B84AB1BF397B3DA20EFB10,1,1,True,2.1666666666666665
AC233FB4D1B84AB1BF397B3DA20EFB10,3,0,True,2.6999999999999993
AC233FB4D1B84AB1BF397B3DA20EFB10,0,2,True,1.2
AC233FB4D1B84AB1BF397B3DA20EFB10,4,0,True,1.6999999999999997
AC233FB4D1B84AB1BF397B3DA20EFB10,5,2,True,4.199999999999999
AC233FB4D1B84AB1BF397B3DA20EFB10,2,1,True,2.1666666666666665
AC77633932FA488F966B0CF0D4395E19,2,1,False,2.211851851851852
AC77633932FA488F966B0CF0D4395E19,1,2,False,1.0
AC77633932FA488F966B0CF0D4395E19,0,1,False,1.8266666666666664
AC77633932FA488F966B0CF0D4395E19,4,0,False,1.2
AC77633932FA488F966B0CF0D4395E19,3,2,False,0.5500000000000007
AC77633932FA488F966B0CF0D4395E19,5,0,False,0.7999999999999998
AE5BB3054A9A46FABF7249C579A08B44,0,1,False,1.6666666666666667
AE5BB3054A9A46FABF7249C579A08B44,3,2,False,1.799999999999999
AE5BB3054A9A46FABF7249C579A08B44,4,0,False,1.5
AE5BB3054A9A46FABF7249C579A08B44,2,1,False,1.6666666666666667
AE5BB3054A9A46FABF7249C579A08B44,5,0,False,2.9
AE5BB3054A9A46FABF7249C579A08B44,1,2,False,0.6
AEC3D47F5009481AAAAFC3C7A23A7DE2,0,1,True,1.9266666666666667
AEC3D47F5009481AAAAFC3C7A23A7DE2,2,2,True,1.4666666666666668
AEC3D47F5009481AAAAFC3C7A23A7DE2,4,2,True,3.0
AEC3D47F5009481AAAAFC3C7A23A7DE2,3,1,True,2.1666666666666665
AEC3D47F5009481AAAAFC3C7A23A7DE2,5,0,True,1.1
AEC3D47F5009481AAAAFC3C7A23A7DE2,1,0,True,0.7999999999999998
B19D08B7E13D4CBFB503C08C6E51FF96,1,1,True,1.74
B19D08B7E13D4CBFB503C08C6E51FF96,5,2,True,0.7999999999999998
B19D08B7E13D4CBFB503C08C6E51FF96,0,0,False,5.1
B19D08B7E13D4CBFB503C08C6E51FF96,3,2,True,0.6500000000000004
B19D08B7E13D4CBFB503C08C6E51FF96,2,0,False,2.0666666666666664
B19D08B7E13D4CBFB503C08C6E51FF96,4,1,True,1.74
B207024A19AE45B9A743E823C7E57CCF,3,1,False,1.635
B207024A19AE45B9A743E823C7E57CCF,2,1,False,1.8585185185185182
B207024A19AE45B9A743E823C7E57CCF,0,0,False,0.6
B207024A19AE45B9A743E823C7E57CCF,1,0,False,5.9
B207024A19AE45B9A743E823C7E57CCF,5,2,False,0.2999999999999998
B207024A19AE45B9A743E823C7E57CCF,4,2,False,2.2
B2B3F539463F46BFABA33E62CA2A4B5B,3,1,False,1.5266666666666666
B2B3F539463F46BFABA33E62CA2A4B5B,0,2,False,0.7000000000000001
B2B3F539463F46BFABA33E62CA2A4B5B,1,2,False,2.5
B2B3F539463F46BFABA33E62CA2A4B5B,2,1,False,1.5266666666666666
B2B3F539463F46BFABA33E62CA2A4B5B,4,0,False,3.3
B2B3F539463F46BFABA33E62CA2A4B5B,5,0,False,0.30000000000000004
B2E5FF75A2FA46979E78ACDC2F81BD5C,4,1,False,3.0
B2E5FF75A2FA46979E78ACDC2F81BD5C,2,0,False,0.19999999999999973
B2E5FF75A2FA46979E78ACDC2F81BD5C,1,2,False,0.5
B2E5FF75A2FA46979E78ACDC2F81BD5C,5,2,False,4.1
B2E5FF75A2FA46979E78ACDC2F81BD5C,3,0,False,1.200000000000001
B2E5FF75A2FA46979E78ACDC2F81BD5C,0,1,False,1.6666666666666667
B32D065D50FB4A41BEFB66CEFB5EF832,0,1,False,3.0
B32D065D50FB4A41BEFB66CEFB5EF832,2,2,False,1.2000000000000006
B32D065D50FB4A41BEFB66CEFB5EF832,5,0,False,0.0
B32D065D50FB4A41BEFB66CEFB5EF832,4,0,False,1.1
B32D065D50FB4A41BEFB66CEFB5EF832,1,2,False,0.3999999999999999
B32D065D50FB4A41BEFB66CEFB5EF832,3,1,False,2.1666666666666665
B4CF0FA0AAC341E99A4359668D2CE23E,5,1,True,3.0
B4CF0FA0AAC341E99A4359668D2CE23E,3,2,True,0.0
B4CF0FA0AAC341E99A4359668D2CE23E,1,0,True,3.4
B4CF0FA0AAC341E99A4359668D2CE23E,2,0,True,0.0
B4CF0FA0AAC341E99A4359668D2CE23E,0,2,True,1.8
B4CF0FA0AAC341E99A4359668D2CE23E,4,1,True,1.5
B4D757311CD242519B0C288761F32118,3,1,False,1.6666666666666667
B4D757311CD242519B0C288761F32118,1,1,False,2.1666666666666665
B4D757311CD242519B0C288761F32118,4,0,False,4.4
B4D757311CD242519B0C288761F32118,0,0,False,3.5
B4D757311CD242519B0C288761F32118,5,2,False,1.4
B4D757311CD242519B0C288761F32118,2,2,False,2.8666666666666663
B68BD0E6F41A485B82915E7849D16C84,1,1,False,1.7016666666666669
B68BD0E6F41A485B82915E7849D16C84,5,2,False,0.30000000000000004
B68BD0E6F41A485B82915E7849D16C84,0,1,False,2.1666666666666665
B68BD0E6F41A485B82915E7849D16C84,4,2,False,2.6999999999999997
B68BD0E6F41A485B82915E7849D16C84,3,0,False,1.3499999999999996
B68BD0E6F41A485B82915E7849D16C84,2,0,False,0.9333333333333336
B736F4B5FD5E4C4DABC0FE086A4BC64D,0,1,True,1.6666666666666667
B736F4B5FD5E4C4DABC0FE086A4BC64D,1,1,True,2.1016666666666666
B736F4B5FD5E4C4DABC0FE086A4BC64D,2,0,True,4.0
B736F4B5FD5E4C4DABC0FE086A4BC64D,4,0,True,0.0
B736F4B5FD5E4C4DABC0FE086A4BC64D,3,2,True,0.39999999999999847
B736F4B5FD5E4C4DABC0FE086A4BC64D,5,2,True,1.5
B87312E0B4824CEFA65FD7D9901715A3,1,1,True,2.1666666666666665
B87312E0B4824CEFA65FD7D9901715A3,0,2,True,1.1
B87312E0B4824CEFA65FD7D9901715A3,3,2,True,4.300000000000001
B87312E0B4824CEFA65FD7D9901715A3,5,1,True,2.1666666666666665
B87312E0B4824CEFA65FD7D9901715A3,4,0,True,1.3
B87312E0B4824CEFA65FD7D9901715A3,2,0,True,0.39999999999999947
B9F8D13D5FBC4BEBB7BEC0A603E1B61E,4,1,False,3.0
B9F8D13D5FBC4BEBB7BEC0A603E1B61E,1,0,False,3.4
B9F8D13D5FBC4BEBB7BEC0A603E1B61E,3,0,False,0.05000000000000071
B9F8D13D5FBC4BEBB7BEC0A603E1B61E,2,2,False,0.0
B9F8D13D5FBC4BEBB7BEC0A603E1B61E,5,1,False,3.0
B9F8D13D5FBC4BEBB7BEC0A603E1B61E,0,2,False,1.6
BA13C9F8BDE84BF085C5025BB854177D,1,1,False,1.635
BA13C9F8BDE84BF085C5025BB854177D,4,2,False,1.2
BA13C9F8BDE84BF085C5025BB854177D,5,2,False,4.0
BA13C9F8BDE84BF085C5025BB854177D,3,1,False,2.1666666666666665
BA13C9F8BDE84BF085C5025BB854177D,0,0,False,4.6
BA13C9F8BDE84BF085C5025BB854177D,2,0,False,0.9999999999999991
BA2BCA7CCB1C4030859B5BC1E915D44D,5,1,True,1.6666666666666667
BA2BCA7CCB1C4030859B5BC1E915D44D,3,1,True,2.1666666666666665
BA2BCA7CCB1C4030859B5BC1E915D44D,0,0,False,0.0
BA2BCA7CCB1C4030859B5BC1E915D44D,1,2,True,6.0
BA2BCA7CCB1C4030859B5BC1E915D44D,2,2,True,1.3333333333333335
BA2BCA7CCB1C4030859B5BC1E915D44D,4,0,False,0.19999999999999973
BB9DA2FECEBE43989E7C5C31401DB85E,1,1,False,1.635
BB9DA2FECEBE43989E7C5C31401DB85E,2,2,False,0.7999999999999989
BB9DA2FECEBE43989E7C5C31401DB85E,4,2,False,0.7999999999999998
BB9DA2FECEBE43989E7C5C31401DB85E,5,0,False,0.8999999999999999
BB9DA2FECEBE43989E7C5C31401DB85E,3,1,False,3.0
BB9DA2FECEBE43989E7C5C31401DB85E,0,0,False,1.1
BBBC5ABD3D4B4D8B867F95C77A27CFFD,5,1,True,1.6666666666666667
BBBC5ABD3D4B4D8B867F95C77A27CFFD,3,2,True,4.15
BBBC5ABD3D4B4D8B867F95C77A27CFFD,2,1,True,2.1229629629629634
BBBC5ABD3D4B4D8B867F95C77A27CFFD,0,2,True,1.2
BBBC5ABD3D4B4D8B867F95C77A27CFFD,4,0,True,3.5
BBBC5ABD3D4B4D8B867F95C77A27CFFD,1,0,True,2.0
BCB35EEC9FCC41D08AA19E70DAB4034E,3,1,False,3.0
BCB35EEC9FCC41D08AA19E70DAB4034E,1,1,False,3.0
BCB35EEC9FCC41D08AA19E70DAB4034E,5,2,False,0.30000000000000004
BCB35EEC9FCC41D08AA19E70DAB4034E,0,2,False,1.3
BCB35EEC9FCC41D08AA19E70DAB4034E,2,0,False,1.1999999999999993
BCB35EEC9FCC41D08AA19E70DAB4034E,4,0,False,4.300000000000001
BD1C3DB4C40D4234AF38A82DE44A1B06,1,1,True,1.74
BD1C3DB4C40D4234AF38A82DE44A1B06,2,2,True,2.3333333333333326
BD1C3DB4C40D4234AF38A82DE44A1B06,0,2,True,0.8999999999999999
BD1C3DB4C40D4234AF38A82DE44A1B06,3,1,True,1.6666666666666667
BD1C3DB4C40D4234AF38A82DE44A1B06,5,0,True,0.3999999999999999
BD1C3DB4C40D4234AF38A82DE44A1B06,4,0,True,0.6000000000000001
BD27902CF5B841EBB8B948B6A7CC9B8B,3,1,False,2.1666666666666665
BD27902CF5B841EBB8B948B6A7CC9B8B,5,2,False,1.7
BD27902CF5B841EBB8B948B6A7CC9B8B,4,0,False,0.3999999999999999
BD27902CF5B841EBB8B948B6A7CC9B8B,2,2,False,2.9999999999999996
BD27902CF5B841EBB8B948B6A7CC9B8B,0,0,False,1.0
BD27902CF5B841EBB8B948B6A7CC9B8B,1,1,False,1.74
BE3664A487E442679AE741D2999A4803,3,1,False,2.1666666666666665
BE3664A487E442679AE741D2999A4803,0,0,False,4.3
BE3664A487E442679AE741D2999A4803,5,2,False,1.7
BE3664A487E442679AE741D2999A4803,4,1,False,3.0
BE3664A487E442679AE741D2999A4803,1,2,False,4.2
BE3664A487E442679AE741D2999A4803,2,0,False,0.8000000000000003
C00B7F79D4C944AABF7219589DDAB05A,1,1,False,2.1016666666666666
C00B7F79D4C944AABF7219589DDAB05A,4,1,False,2.1666666666666665
C00B7F79D4C944AABF7219589DDAB05A,0,2,False,3.6
C00B7F79D4C944AABF7219589DDAB05A,2,0,False,1.4666666666666668
C00B7F79D4C944AABF7219589DDAB05A,5,2,False,0.5999999999999999
C00B7F79D4C944AABF7219589DDAB05A,3,0,False,0.4499999999999993
C18D5510DF5D4BDB8BC7983EA601CCCB,5,1,False,1.9266666666666667
C18D5510DF5D4BDB8BC7983EA601CCCB,0,2,False,0.6
C18D5510DF5D4BDB8BC7983EA601CCCB,3,0,False,0.8000000000000007
C18D5510DF5D4BDB8BC7983EA601CCCB,1,1,False,1.5016666666666667
C18D5510DF5D4BDB8BC7983EA601CCCB,4,2,False,0.6999999999999997
C18D5510DF5D4BDB8BC7983EA601CCCB,2,0,False,0.2666666666666666
C2018F956F2B49F19575F350C793A870,2,1,False,1.5185185185185184
C2018F956F2B49F19575F350C793A870,0,0,False,0.7
C2018F956F2B49F19575F350C793A870,1,0,False,5.3
C2018F956F2B49F19575F350C793A870,5,2,False,1.6
C2018F956F2B49F19575F350C793A870,3,1,False,1.5416666666666667
C2018F956F2B49F19575F350C793A870,4,2,False,4.4
C2900DD43EFD42CBAF1FCD1E6FEAE28E,3,1,False,2.1666666666666665
C2900DD43EFD42CBAF1FCD1E6FEAE28E,5,2,False,3.0
C2900DD43EFD42CBAF1FCD1E6FEAE28E,0,2,False,1.4
C2900DD43EFD42CBAF1FCD1E6FEAE28E,4,0,False,1.5
C2900DD43EFD42CBAF1FCD1E6FEAE28E,1,1,False,2.1666666666666665
C2900DD43EFD42CBAF1FCD1E6FEAE28E,2,0,False,2.2
C2BC227785584B28A2C0402968CAA8D5,2,1,True,3.0
C2BC227785584B28A2C0402968CAA8D5,0,0,True,4.3
C2BC227785584B28A2C0402968CAA8D5,1,1,True,3.0
C2BC227785584B28A2C0402968CAA8D5,5,2,True,0.5
C2BC227785584B28A2C0402968CAA8D5,4,2,True,4.0
C2BC227785584B28A2C0402968CAA8D5,3,0,True,4.0
C2C8A74EC7434A6F964C947422FF849A,0,1,False,1.5
C2C8A74EC7434A6F964C947422FF849A,3,1,False,1.5337499999999997
C2C8A74EC7434A6F964C947422FF849A,5,0,False,0.6000000000000001
C2C8A74EC7434A6F964C947422FF849A,2,2,False,3.9333333333333336
C2C8A74EC7434A6F964C947422FF849A,4,0,False,1.7
C2C8A74EC7434A6F964C947422FF849A,1,2,False,0.0
C41DDE2C81964E998BE749236642F4E1,2,1,False,2.1666666666666665
C41DDE2C81964E998BE749236642F4E1,1,1,False,3.0
C41DDE2C81964E998BE749236642F4E1,4,0,False,5.3
C41DDE2C81964E998BE749236642F4E1,5,2,False,3.8
C41DDE2C81964E998BE749236642F4E1,0,0,False,0.4
C41DDE2C81964E998BE749236642F4E1,3,2,False,1.75
C543A1313F974F03B538F3D38573C2CC,4,1,False,1.6666666666666667
C543A1313F974F03B538F3D38573C2CC,1,0,False,1.7
C543A1313F974F03B538F3D38573C2CC,2,2,False,2.5999999999999996
C543A1313F974F03B538F3D38573C2CC,3,0,False,2.5999999999999996
C543A1313F974F03B538F3D38573C2CC,5,2,False,1.9
C543A1313F974F03B538F3D38573C2CC,0,1,False,1.7016666666666669
C639C762761F4105852B50C9A8218DED,4,1,False,2.235
C639C762761F4105852B50C9A8218DED,0,1,False,3.0
C639C762761F4105852B50C9A8218DED,1,0,False,0.0
C639C762761F4105852B50C9A8218DED,5,0,False,4.7
C639C762761F4105852B50C9A8218DED,2,2,False,0.2666666666666657
C639C762761F4105852B50C9A8218DED,3,2,False,1.1999999999999993
C697C1558F8149498D65C17025EB6CBB,3,1,True,3.0
C697C1558F8149498D65C17025EB6CBB,1,0,True,0.20000000000000018
C697C1558F8149498D65C17025EB6CBB,0,2,True,0.5
C697C1558F8149498D65C17025EB6CBB,4,2,True,4.4
C697C1558F8149498D65C17025EB6CBB,2,1,True,1.6666666666666667
C697C1558F8149498D65C17025EB6CBB,5,0,True,1.8
C6BEF133CFB74BFD9C7F25FB48C667F7,0,1,True,3.0
C6BEF133CFB74BFD9C7F25FB48C667F7,4,0,True,1.8
C6BEF133CFB74BFD9C7F25FB48C667F7,2,1,True,1.6666666666666667
C6BEF133CFB74BFD9C7F25FB48C667F7,3,2,True,2.8499999999999996
C6BEF133CFB74BFD9C7F25FB48C667F7,1,2,True,3.7
C6BEF133CFB74BFD9C7F25FB48C667F7,5,0,True,4.6
C71EA99B69604478B8EF5CA26B99DB99,3,1,False,1.68375
C71EA99B69604478B8EF5CA26B99DB99,2,1,False,1.6896296296296291
C71EA99B69604478B8EF5CA26B99DB99,5,2,False,2.4
C71EA99B69604478B8EF5CA26B99DB99,0,2,False,3.2
C71EA99B69604478B8EF5CA26B99DB99,1,0,False,0.0
C71EA99B69604478B8EF5CA26B99DB99,4,0,False,4.0
C7FFD6281C83492895706C05233EDBA9,4,1,False,1.7816666666666665
C7FFD6281C83492895706C05233EDBA9,0,1,False,1.6666666666666667
C7FFD6281C83492895706C05233EDBA9,2,0,False,1.9333333333333331
C7FFD6281C83492895706C05233EDBA9,1,0,False,1.6
C7FFD6281C83492895706C05233EDBA9,3,2,False,1.0500000000000007
C7FFD6281C83492895706C05233EDBA9,5,2,False,1.9
C90A736CBD2E42469E67DBD9712850A3,0,1,False,2.1666666666666665
C90A736CBD2E42469E67DBD9712850A3,4,2,False,3.7
C90A736CBD2E42469E67DBD9712850A3,3,2,False,1.4499999999999993
C90A736CBD2E42469E67DBD9712850A3,5,1,False,3.0
C90A736CBD2E42469E67DBD9712850A3,2,0,False,0.8666666666666671
C90A736CBD2E42469E67DBD9712850A3,1,0,False,3.8000000000000003
C943E9E375944A26B242EDCAEC590A78,1,1,False,1.875
C943E9E375944A26B242EDCAEC590A78,4,1,False,1.635
C943E9E375944A26B242EDCAEC590A78,3,0,False,4.0
C943E9E375944A26B242EDCAEC590A78,5,2,False,0.30000000000000004
C943E9E375944A26B242EDCAEC590A78,2,0,False,1.0666666666666664
C943E9E375944A26B242EDCAEC590A78,0,2,False,0.2
CB6FAEFE16774A1DB5784D6B597CA141,2,1,False,2.1666666666666665
CB6FAEFE16774A1DB5784D6B597CA141,3,1,False,1.5416666666666667
CB6FAEFE16774A1DB5784D6B597CA141,5,0,False,2.1
CB6FAEFE16774A1DB5784D6B597CA141,1,0,False,1.4
CB6FAEFE16774A1DB5784D6B597CA141,4,2,False,0.40000000000000036
CB6FAEFE16774A1DB5784D6B597CA141,0,2,False,0.40000000000000013
CC761B1BEDF14A7FA9C2CC97DA93DAA7,0,1,False,1.635
CC761B1BEDF14A7FA9C2CC97DA93DAA7,3,1,False,1.5
CC761B1BEDF14A7FA9C2CC97DA93DAA7,2,0,True,1.7333333333333343
CC761B1BEDF14A7FA9C2CC97DA93DAA7,5,2,False,2.0
CC761B1BEDF14A7FA9C2CC97DA93DAA7,4,0,True,0.30000000000000027
CC761B1BEDF14A7FA9C2CC97DA93DAA7,1,2,False,0.3999999999999999
CD40920651374C3FB638103A72183A5D,1,1,False,1.635
CD40920651374C3FB638103A72183A5D,0,0,False,2.2
CD40920651374C3FB638103A72183A5D,2,0,False,1.2000000000000006
CD40920651374C3FB638103A72183A5D,5,2,False,0.8
CD40920651374C3FB638103A72183A5D,3,1,False,1.5599999999999998
CD40920651374C3FB638103A72183A5D,4,2,False,2.8
CEC7A4B04C6A45F18B8573869B6F8D88,4,1,False,1.7016666666666669
CEC7A4B04C6A45F18B8573869B6F8D88,0,2,False,0.19999999999999973
CEC7A4B04C6A45F18B8573869B6F8D88,1,1,False,3.0
CEC7A4B04C6A45F18B8573869B6F8D88,3,0,False,1.8000000000000007
CEC7A4B04C6A45F18B8573869B6F8D88,2,0,False,1.5999999999999994
CEC7A4B04C6A45F18B8573869B6F8D88,5,2,False,1.9
D0CFB7342DCA453F87DCB70E4FB36313,2,1,False,1.5600000000000003
D0CFB7342DCA453F87DCB70E4FB36313,5,0,False,0.10000000000000009
D0CFB7342DCA453F87DCB70E4FB36313,0,2,False,0.4
D0CFB7342DCA453F87DCB70E4FB36313,1,2,False,5.1
D0CFB7342DCA453F87DCB70E4FB36313,3,1,False,2.1666666666666665
D0CFB7342DCA453F87DCB70E4FB36313,4,0,False,0.5999999999999996
D13E8F4BE6C64F39B17CC07AB7B0367E,1,1,True,1.6066666666666667
D13E8F4BE6C64F39B17CC07AB7B0367E,3,2,True,2.1500000000000004
D13E8F4BE6C64F39B17CC07AB7B0367E,5,0,True,2.4000000000000004
D13E8F4BE6C64F39B17CC07AB7B0367E,4,1,True,1.6666666666666667
D13E8F4BE6C64F39B17CC07AB7B0367E,0,0,True,1.0
D13E8F4BE6C64F39B17CC07AB7B0367E,2,2,True,2.8000000000000007
D1A7C6B7170E424F8A81F411AF77C93A,0,1,False,1.6666666666666667
D1A7C6B7170E424F8A81F411AF77C93A,1,0,False,0.8
D1A7C6B7170E424F8A81F411AF77C93A,5,2,False,3.3
D1A7C6B7170E424F8A81F411AF77C93A,2,2,False,2.866666666666667
D1A7C6B7170E424F8A81F411AF77C93A,4,0,False,0.8999999999999999
D1A7C6B7170E424F8A81F411AF77C93A,3,1,False,1.5704166666666668
D323C2D081DA48DB8489D599DEAFB8AD,1,1,False,2.235
D323C2D081DA48DB8489D599DEAFB8AD,5,0,True,0.5999999999999999
D323C2D081DA48DB8489D599DEAFB8AD,3,0,True,0.05000000000000071
D323C2D081DA48DB8489D599DEAFB8AD,2,2,False,2.0666666666666664
D323C2D081DA48DB8489D599DEAFB8AD,0,2,False,3.4
D323C2D081DA48DB8489D599DEAFB8AD,4,1,False,2.1666666666666665
D360EFC7D73243D28EB16F75BC4061FD,5,1,False,2.1016666666666666
D360EFC7D73243D28EB16F75BC4061FD,2,0,False,1.0
D360EFC7D73243D28EB16F75BC4061FD,3,2,False,0.049999999999998934
D360EFC7D73243D28EB16F75BC4061FD,4,2,False,1.2
D360EFC7D73243D28EB16F75BC4061FD,1,1,False,1.6666666666666667
D360EFC7D73243D28EB16F75BC4061FD,0,0,False,0.7999999999999998
D4F16E2C121740D5A9EAA2A101B7474D,2,1,False,1.9266666666666665
D4F16E2C121740D5A9EAA2A101B7474D,4,0,False,1.3
D4F16E2C121740D5A9EAA2A101B7474D,3,2,False,0.09999999999999964
D4F16E2C121740D5A9EAA2A101B7474D,0,2,False,1.2
D4F16E2C121740D5A9EAA2A101B7474D,1,0,False,1.8
D4F16E2C121740D5A9EAA2A101B7474D,5,1,False,1.6666666666666667
D53E5E80BCD54E1B8A3363B41F3A97D1,3,1,False,1.6666666666666667
D53E5E80BCD54E1B8A3363B41F3A97D1,5,1,False,2.1666666666666665
D53E5E80BCD54E1B8A3363B41F3A97D1,4,2,False,0.8
D53E5E80BCD54E1B8A3363B41F3A97D1,0,2,False,0.6
D53E5E80BCD54E1B8A3363B41F3A97D1,2,0,False,1.533333333333334
D53E5E80BCD54E1B8A3363B41F3A97D1,1,0,False,4.2
D66AA203C284482AA2AA1CEADDA1E262,5,1,True,2.1016666666666666
D66AA203C284482AA2AA1CEADDA1E262,4,1,True,2.04
D66AA203C284482AA2AA1CEADDA1E262,2,2,True,0.5333333333333352
D66AA203C284482AA2AA1CEADDA1E262,0,0,True,1.4
D66AA203C284482AA2AA1CEADDA1E262,3,0,True,3.0999999999999996
D66AA203C284482AA2AA1CEADDA1E262,1,2,True,1.2
D8678531C5AD4C01AE83CD24ADC77260,4,1,False,2.1016666666666666
D8678531C5AD4C01AE83CD24ADC77260,5,0,False,0.8
D8678531C5AD4C01AE83CD24ADC77260,0,2,False,1.5
D8678531C5AD4C01AE83CD24ADC77260,2,0,False,4.333333333333333
D8678531C5AD4C01AE83CD24ADC77260,3,1,False,1.6504166666666664
D8678531C5AD4C01AE83CD24ADC77260,1,2,False,2.8
D8789D1C3C7A482E82088F5A66FC1DC0,4,1,False,2.1016666666666666
D8789D1C3C7A482E82088F5A66FC1DC0,3,0,False,2.049999999999999
D8789D1C3C7A482E82088F5A66FC1DC0,0,0,False,4.699999999999999
D8789D1C3C7A482E82088F5A66FC1DC0,1,1,False,2.901666666666667
D8789D1C3C7A482E82088F5A66FC1DC0,2,2,False,2.333333333333333
D8789D1C3C7A482E82088F5A66FC1DC0,5,2,False,1.4
D9189500C34443EE8B05E4F6EA2DA04F,4,1,False,2.1666666666666665
D9189500C34443EE8B05E4F6EA2DA04F,2,0,False,0.5333333333333332
D9189500C34443EE8B05E4F6EA2DA04F,1,0,False,3.3
D9189500C34443EE8B05E4F6EA2DA04F,3,1,False,1.875
D9189500C34443EE8B05E4F6EA2DA04F,5,2,False,0.19999999999999996
D9189500C34443EE8B05E4F6EA2DA04F,0,2,False,1.0
D91E7C62F57A49F4ACA5607475D2A260,5,1,True,2.04
D91E7C62F57A49F4ACA5607475D2A260,3,1,True,2.1666666666666665
D91E7C62F57A49F4ACA5607475D2A260,1,0,True,2.6
D91E7C62F57A49F4ACA5607475D2A260,2,0,True,3.066666666666667
D91E7C62F57A49F4ACA5607475D2A260,4,2,True,0.8
D91E7C62F57A49F4ACA5607475D2A260,0,2,True,2.4
DA05C52FCF8D4126A1B1C7670299550F,4,1,False,2.1666666666666665
DA05C52FCF8D4126A1B1C7670299550F,3,2,False,4.65
DA05C52FCF8D4126A1B1C7670299550F,5,2,False,0.4
DA05C52FCF8D4126A1B1C7670299550F,0,1,False,2.1666666666666665
DA05C52FCF8D4126A1B1C7670299550F,1,0,False,2.6
DA05C52FCF8D4126A1B1C7670299550F,2,0,False,1.0666666666666669
DAA4E9B82E0F420CAC002F39236DFDCF,3,1,False,2.1666666666666665
DAA4E9B82E0F420CAC002F39236DFDCF,1,1,False,1.635
DAA4E9B82E0F420CAC002F39236DFDCF,4,0,False,0.9
DAA4E9B82E0F420CAC002F39236DFDCF,2,0,False,0.33333333333333304
DAA4E9B82E0F420CAC002F39236DFDCF,0,2,False,0.19999999999999996
DAA4E9B82E0F420CAC002F39236DFDCF,5,2,False,0.2999999999999998
DABD7F22A5884FE582A1BB0824A130AC,4,1,False,1.6666666666666667
DABD7F22A5884FE582A1BB0824A130AC,2,2,False,2.8666666666666667
DABD7F22A5884FE582A1BB0824A130AC,3,0,False,1.6500000000000004
DABD7F22A5884FE582A1BB0824A130AC,0,1,False,2.8066666666666666
DABD7F22A5884FE582A1BB0824A130AC,5,2,False,0.9
DABD7F22A5884FE582A1BB0824A130AC,1,0,False,3.8
E2BA261EE3984C92856ED3B622A4932B,4,1,False,3.0
E2BA261EE3984C92856ED3B622A4932B,3,2,False,0.8000000000000007
E2BA261EE3984C92856ED3B622A4932B,0,0,False,2.6
E2BA261EE3984C92856ED3B622A4932B,2,0,False,3.666666666666667
E2BA261EE3984C92856ED3B622A4932B,1,1,False,3.0
E2BA261EE3984C92856ED3B622A4932B,5,2,False,0.10000000000000009
E3099AC5337543DCB33ED306B5291004,5,1,False,1.5016666666666667
E3099AC5337543DCB33ED306B5291004,2,1,False,1.5066666666666668
E3099AC5337543DCB33ED306B5291004,3,2,False,2.5999999999999996
E3099AC5337543DCB33ED306B5291004,0,0,False,0.19999999999999996
E3099AC5337543DCB33ED306B5291004,4,0,False,0.20000000000000018
E3099AC5337543DCB33ED306B5291004,1,2,False,0.3999999999999999
E45110DA93C5482DA92B44F3C81BDC76,1,1,False,1.5
E45110DA93C5482DA92B44F3C81BDC76,5,0,False,0.2999999999999998
E45110DA93C5482DA92B44F3C81BDC76,4,0,False,0.5
E45110DA93C5482DA92B44F3C81BDC76,3,1,False,2.1666666666666665
E45110DA93C5482DA92B44F3C81BDC76,2,2,False,4.2
E45110DA93C5482DA92B44F3C81BDC76,0,2,False,1.5
E4BCBBA7CB934BB7B10517742C137FBD,2,1,False,2.4600000000000004
E4BCBBA7CB934BB7B10517742C137FBD,4,1,False,3.0
E4BCBBA7CB934BB7B10517742C137FBD,1,0,False,1.6
E4BCBBA7CB934BB7B10517742C137FBD,3,0,False,2.1500000000000004
E4BCBBA7CB934BB7B10517742C137FBD,0,2,False,1.0
E4BCBBA7CB934BB7B10517742C137FBD,5,2,False,0.4999999999999999
E4E688D21CFE444485A0DDED78498884,0,1,True,2.1666666666666665
E4E688D21CFE444485A0DDED78498884,1,0,True,0.9
E4E688D21CFE444485A0DDED78498884,2,2,True,0.1999999999999993
E4E688D21CFE444485A0DDED78498884,3,2,True,1.3499999999999996
E4E688D21CFE444485A0DDED78498884,5,1,True,1.6666666666666667
E4E688D21CFE444485A0DDED78498884,4,0,True,1.7
E654ADF79B134B62BE3E952AE075B2BA,5,1,False,2.1666666666666665
E654ADF79B134B62BE3E952AE075B2BA,0,2,False,2.1
E654ADF79B134B62BE3E952AE075B2BA,2,0,False,0.06666666666666732
E654ADF79B134B62BE3E952AE075B2BA,4,2,False,0.19999999999999998
E654ADF79B134B62BE3E952AE075B2BA,1,0,False,1.2000000000000002
E654ADF79B134B62BE3E952AE075B2BA,3,1,False,2.306666666666666
E69C083752524F46AFE9F06A2DC876F8,2,1,False,2.6851851851851847
E69C083752524F46AFE9F06A2DC876F8,1,2,False,5.6
E69C083752524F46AFE9F06A2DC876F8,3,0,False,3.4499999999999993
E69C083752524F46AFE9F06A2DC876F8,4,2,False,1.2
E69C083752524F46AFE9F06A2DC876F8,0,0,False,0.5999999999999999
E69C083752524F46AFE9F06A2DC876F8,5,1,False,1.6666666666666667
E8807850372D4209BDC367F19D2BAF4A,1,1,True,2.235
E8807850372D4209BDC367F19D2BAF4A,3,0,True,2.4499999999999993
E8807850372D4209BDC367F19D2BAF4A,5,0,True,3.8
E8807850372D4209BDC367F19D2BAF4A,2,2,True,2.4
E8807850372D4209BDC367F19D2BAF4A,4,2,True,6.0
E8807850372D4209BDC367F19D2BAF4A,0,1,True,3.0
E9837D6675BC4358A5E08CFBA116C975,4,1,False,1.8266666666666664
E9837D6675BC4358A5E08CFBA116C975,2,2,False,1.9333333333333331
E9837D6675BC4358A5E08CFBA116C975,0,0,False,3.1
E9837D6675BC4358A5E08CFBA116C975,5,2,False,2.8
E9837D6675BC4358A5E08CFBA116C975,3,0,False,0.8499999999999996
E9837D6675BC4358A5E08CFBA116C975,1,1,False,1.9816666666666667
EAAAEBFA94524E8F9583D354E056D324,3,1,True,3.0
EAAAEBFA94524E8F9583D354E056D324,4,2,True,1.6
EAAAEBFA94524E8F9583D354E056D324,1,0,True,2.6
EAAAEBFA94524E8F9583D354E056D324,5,0,True,1.2
EAAAEBFA94524E8F9583D354E056D324,0,1,True,1.74
EAAAEBFA94524E8F9583D354E056D324,2,2,True,3.1333333333333333
EBB3C9772E2D46669DC59CFDEEE492A8,0,1,False,1.5016666666666667
EBB3C9772E2D46669DC59CFDEEE492A8,4,0,False,2.0
EBB3C9772E2D46669DC59CFDEEE492A8,3,0,False,1.3000000000000007
EBB3C9772E2D46669DC59CFDEEE492A8,5,1,False,1.5266666666666666
EBB3C9772E2D46669DC59CFDEEE492A8,2,2,False,3.8666666666666667
EBB3C9772E2D46669DC59CFDEEE492A8,1,2,False,1.9
EBB7CFA48E0B429B986A48140B7A38C4,1,1,True,3.0
EBB7CFA48E0B429B986A48140B7A38C4,0,2,True,2.8
EBB7CFA48E0B429B986A48140B7A38C4,4,2,True,1.6
EBB7CFA48E0B429B986A48140B7A38C4,3,0,True,1.0500000000000007
EBB7CFA48E0B429B986A48140B7A38C4,2,0,True,0.7999999999999998
EBB7CFA48E0B429B986A48140B7A38C4,5,1,True,1.9816666666666667
ECA07BECC1B14B0B95A6C2E038D88B62,0,1,False,3.0
ECA07BECC1B14B0B95A6C2E038D88B62,5,2,False,2.0
ECA07BECC1B14B0B95A6C2E038D88B62,2,0,False,0.2666666666666666
ECA07BECC1B14B0B95A6C2E038D88B62,4,1,False,2.1666666666666665
ECA07BECC1B14B0B95A6C2E038D88B62,1,0,False,0.6000000000000001
ECA07BECC1B14B0B95A6C2E038D88B62,3,2,False,0.049999999999998934
EEE66D17D6284BF99627B42855BF203F,4,1,True,2.1666666666666665
EEE66D17D6284BF99627B42855BF203F,1,0,True,0.9
EEE66D17D6284BF99627B42855BF203F,3,2,True,0.4499999999999993
EEE66D17D6284BF99627B42855BF203F,0,0,True,0.10000000000000009
EEE66D17D6284BF99627B42855BF203F,2,2,True,3.466666666666667
EEE66D17D6284BF99627B42855BF203F,5,1,True,2.1666666666666665
F243AEDE125D4199B78C419635A263F3,2,1,False,1.5185185185185184
F243AEDE125D4199B78C419635A263F3,1,0,True,0.10000000000000009
F243AEDE125D4199B78C419635A263F3,3,2,False,0.0
F243AEDE125D4199B78C419635A263F3,0,0,True,1.5999999999999999
F243AEDE125D4199B78C419635A263F3,5,2,False,0.5999999999999999
F243AEDE125D4199B78C419635A263F3,4,1,False,1.6666666666666667
F26254CB8C7449E0A8B73AF039C6A9A7,2,1,False,1.5066666666666668
F26254CB8C7449E0A8B73AF039C6A9A7,3,0,False,0.05000000000000071
F26254CB8C7449E0A8B73AF039C6A9A7,1,1,False,2.1666666666666665
F26254CB8C7449E0A8B73AF039C6A9A7,4,0,False,1.5
F26254CB8C7449E0A8B73AF039C6A9A7,0,2,False,5.0
F26254CB8C7449E0A8B73AF039C6A9A7,5,2,False,1.0
F275751D6E3646F7BAD36D7BE6A2216C,2,1,True,1.6666666666666667
F275751D6E3646F7BAD36D7BE6A2216C,0,2,True,1.2
F275751D6E3646F7BAD36D7BE6A2216C,4,0,False,2.1
F275751D6E3646F7BAD36D7BE6A2216C,3,1,True,1.5416666666666667
F275751D6E3646F7BAD36D7BE6A2216C,1,0,False,3.8
F275751D6E3646F7BAD36D7BE6A2216C,5,2,True,0.5
F2C288CA424F4A0286948519AEB1251A,3,1,True,2.5416666666666665
F2C288CA424F4A0286948519AEB1251A,1,2,True,4.7
F2C288CA424F4A0286948519AEB1251A,5,0,True,0.7
F2C288CA424F4A0286948519AEB1251A,0,2,True,1.5
F2C288CA424F4A0286948519AEB1251A,2,0,True,3.1999999999999993
F2C288CA424F4A0286948519AEB1251A,4,1,True,2.1666666666666665
F3C48AC3BBE84A04A77D8E564C87FB7C,0,1,False,1.7016666666666669
F3C48AC3BBE84A04A77D8E564C87FB7C,5,0,True,1.9
F3C48AC3BBE84A04A77D8E564C87FB7C,4,2,False,1.0
F3C48AC3BBE84A04A77D8E564C87FB7C,3,0,True,3.5500000000000007
F3C48AC3BBE84A04A77D8E564C87FB7C,1,2,False,2.4
F3C48AC3BBE84A04A77D8E564C87FB7C,2,1,False,1.5066666666666668
F3D473769EA34DBD87A0DC554F34F09A,3,1,True,1.5416666666666667
F3D473769EA34DBD87A0DC554F34F09A,2,2,True,0.4666666666666668
F3D473769EA34DBD87A0DC554F34F09A,4,0,False,1.2
F3D473769EA34DBD87A0DC554F34F09A,0,0,False,0.7
F3D473769EA34DBD87A0DC554F34F09A,5,1,True,2.1666666666666665
F3D473769EA34DBD87A0DC554F34F09A,1,2,True,1.9
F4F5C8D165814B4F9EE708009E6232F8,5,1,True,2.1666666666666665
F4F5C8D165814B4F9EE708009E6232F8,1,2,True,2.1
F4F5C8D165814B4F9EE708009E6232F8,3,2,True,2.3000000000000007
F4F5C8D165814B4F9EE708009E6232F8,4,1,True,1.6666666666666667
F4F5C8D165814B4F9EE708009E6232F8,2,0,True,1.1333333333333337
F4F5C8D165814B4F9EE708009E6232F8,0,0,True,3.5
F5DF3C6481B7411BB7CF66C9D0EB5DDF,3,1,False,1.6504166666666664
F5DF3C6481B7411BB7CF66C9D0EB5DDF,5,2,False,0.20000000000000018
F5DF3C6481B7411BB7CF66C9D0EB5DDF,4,2,False,0.2
F5DF3C6481B7411BB7CF66C9D0EB5DDF,1,1,False,1.9816666666666667
F5DF3C6481B7411BB7CF66C9D0EB5DDF,2,0,False,0.6000000000000005
F5DF3C6481B7411BB7CF66C9D0EB5DDF,0,0,False,1.8
F792153FC62D400CBC86DD79F13DA91A,3,1,False,2.1666666666666665
F792153FC62D400CBC86DD79F13DA91A,2,0,False,0.26666666666666616
F792153FC62D400CBC86DD79F13DA91A,4,0,False,0.8
F792153FC62D400CBC86DD79F13DA91A,5,2,False,0.6000000000000001
F792153FC62D400CBC86DD79F13DA91A,1,1,False,2.901666666666667
F792153FC62D400CBC86DD79F13DA91A,0,2,False,1.4
F7934F8174F442E29671ADBC8E8722DE,3,1,True,1.5816666666666663
F7934F8174F442E29671ADBC8E8722DE,2,0,True,1.4000000000000004
F7934F8174F442E29671ADBC8E8722DE,0,2,True,1.2999999999999998
F7934F8174F442E29671ADBC8E8722DE,4,0,True,0.9000000000000001
F7934F8174F442E29671ADBC8E8722DE,1,2,True,0.9000000000000001
F7934F8174F442E29671ADBC8E8722DE,5,1,True,1.74
F7945E36A9B14A9397CCE64D22A9E450,0,1,False,3.0
F7945E36A9B14A9397CCE64D22A9E450,3,1,False,1.6666666666666667
F7945E36A9B14A9397CCE64D22A9E450,4,2,False,4.5
F7945E36A9B14A9397CCE64D22A9E450,1,0,False,1.6
F7945E36A9B14A9397CCE64D22A9E450,5,2,False,1.8
F7945E36A9B14A9397CCE64D22A9E450,2,0,False,5.933333333333334
F7DF817BFE1C46C0A2D45948498DA51B,1,1,False,2.1666666666666665
F7DF817BFE1C46C0A2D45948498DA51B,4,2,False,1.5999999999999999
F7DF817BFE1C46C0A2D45948498DA51B,0,2,False,0.2999999999999998
F7DF817BFE1C46C0A2D45948498DA51B,2,1,False,2.080740740740741
F7DF817BFE1C46C0A2D45948498DA51B,3,0,False,3.3999999999999986
F7DF817BFE1C46C0A2D45948498DA51B,5,0,False,0.10000000000000009
F83ABA796E974B8FBF5FB411CC53A734,0,1,False,2.1666666666666665
F83ABA796E974B8FBF5FB411CC53A734,5,2,False,1.9
F83ABA796E974B8FBF5FB411CC53A734,2,1,False,2.1666666666666665
F83ABA796E974B8FBF5FB411CC53A734,3,2,False,0.5
F83ABA796E974B8FBF5FB411CC53A734,4,0,False,3.7
F83ABA796E974B8FBF5FB411CC53A734,1,0,False,2.2
F8D80F3CE5DD4B439397CCC4199D2D22,3,1,True,1.6666666666666667
F8D80F3CE5DD4B439397CCC4199D2D22,1,2,True,2.1
F8D80F3CE5DD4B439397CCC4199D2D22,0,1,True,1.6666666666666667
F8D80F3CE5DD4B439397CCC4199D2D22,2,0,True,0.9333333333333331
F8D80F3CE5DD4B439397CCC4199D2D22,4,0,True,3.6
F8D80F3CE5DD4B439397CCC4199D2D22,5,2,True,4.0
F9011172D42143E39F49D42F19B4920B,5,1,True,1.5
F9011172D42143E39F49D42F19B4920B,3,2,True,3.9499999999999993
F9011172D42143E39F49D42F19B4920B,0,1,True,2.235
F9011172D42143E39F49D42F19B4920B,1,2,True,0.5
F9011172D42143E39F49D42F19B4920B,4,0,False,3.5
F9011172D42143E39F49D42F19B4920B,2,0,False,0.7333333333333334
F9D28796DCD248278505585EBCE8C2FE,4,1,False,1.7016666666666669
F9D28796DCD248278505585EBCE8C2FE,0,1,False,1.7016666666666669
F9D28796DCD248278505585EBCE8C2FE,2,0,False,2.9999999999999996
F9D28796DCD248278505585EBCE8C2FE,1,2,False,4.8
F9D28796DCD248278505585EBCE8C2FE,3,2,False,4.050000000000001
F9D28796DCD248278505585EBCE8C2FE,5,0,False,1.3
F9E998D1F7FD4763BA48455B0A2AF97F,0,1,False,2.1666666666666665
F9E998D1F7FD4763BA48455B0A2AF97F,1,2,False,4.6
F9E998D1F7FD4763BA48455B0A2AF97F,4,2,False,0.8999999999999999
F9E998D1F7FD4763BA48455B0A2AF97F,2,1,False,1.8585185185185187
F9E998D1F7FD4763BA48455B0A2AF97F,3,0,False,5.25
F9E998D1F7FD4763BA48455B0A2AF97F,5,0,False,1.2000000000000002
FF56ADC331C24E37941ADFB45B736849,0,1,True,1.7016666666666669
FF56ADC331C24E37941ADFB45B736849,5,0,True,0.8999999999999999
FF56ADC331C24E37941ADFB45B736849,3,2,True,1.9000000000000004
FF56ADC331C24E37941ADFB45B736849,2,1,True,1.6666666666666667
FF56ADC331C24E37941ADFB45B736849,1,2,True,1.0
FF56ADC331C24E37941ADFB45B736849,4,0,True,2.6
