participantId,idx,bot_detection,reported_ideology,labels,answer_distance
009AFBEE6704466A96A1BDFDF031CACC,0,False,0.0,"[8, 6, 3]",5
009AFBEE6704466A96A1BDFDF031CACC,1,False,0.0,"[3, 6, 8]",0
009AFBEE6704466A96A1BDFDF031CACC,2,False,0.0,"[1, 6, 8]",5
0163CEF6924B41B5A70EE79DD42D6712,0,False,2.0,[2],5
0163CEF6924B41B5A70EE79DD42D6712,1,False,1.0,[3],0
0163CEF6924B41B5A70EE79DD42D6712,2,False,-1.6,[0],5
0207800282DC461FB786F34E978670DB,0,True,1.6,[2],8
0207800282DC461FB786F34E978670DB,1,False,-0.6,[1],0
0207800282DC461FB786F34E978670DB,2,True,-1.5,[0],3
0262A6C4C3664465B2807CF144E0B9F7,0,False,1.6,"[3, 7]",6
0262A6C4C3664465B2807CF144E0B9F7,1,False,0.2,"[4, 3]",0
0262A6C4C3664465B2807CF144E0B9F7,2,False,-0.3,"[1, 4, 6]",3
0271A187718B4488A4B1407D940D09D9,0,False,0.0,"[2, 8, 6]",9
0271A187718B4488A4B1407D940D09D9,1,False,0.0,"[1, 4, 8]",0
0271A187718B4488A4B1407D940D09D9,2,False,0.0,"[0, 6, 8]",1
028687F82CEF4E15B1B596ED0A8BD7A1,0,False,0.6,"[2, 3, 6]",6
028687F82CEF4E15B1B596ED0A8BD7A1,1,False,-2.0,"[0, 4, 6]",0
028687F82CEF4E15B1B596ED0A8BD7A1,2,False,-2.0,"[0, 4, 6]",0
03204146D04547308EC69CEDD44A37F9,0,False,1.0,[2],5
03204146D04547308EC69CEDD44A37F9,1,False,0.0,"[1, 4, 8]",0
03204146D04547308EC69CEDD44A37F9,2,False,-1.0,[0],3
034AA152656B4D7A978ECD958E2EC126,0,False,0.0,[2],8
034AA152656B4D7A978ECD958E2EC126,1,False,0.0,[0],0
034AA152656B4D7A978ECD958E2EC126,2,False,0.0,[0],1
03DE8461A90E4AE08F72F2258BBA7832,0,True,0.9,"[3, 7]",7
03DE8461A90E4AE08F72F2258BBA7832,1,False,-1.9,"[0, 8]",0
03DE8461A90E4AE08F72F2258BBA7832,2,False,-1.7,"[0, 8]",0
040AAF45726B4A618FCB6455DF62C39B,0,False,1.0,[2],7
040AAF45726B4A618FCB6455DF62C39B,1,False,-0.8,[1],0
040AAF45726B4A618FCB6455DF62C39B,2,False,-1.0,[1],5
042B7D1944794656BCC8A0B16E29DB80,0,True,-0.6,[1],4
042B7D1944794656BCC8A0B16E29DB80,1,False,1.0,[3],0
042B7D1944794656BCC8A0B16E29DB80,2,False,1.6,[2],2
04DD3F7F8D9B44C8901EE90862C8861F,0,False,0.0,"[3, 8]",4
04DD3F7F8D9B44C8901EE90862C8861F,1,False,1.1,"[2, 4, 6]",0
04DD3F7F8D9B44C8901EE90862C8861F,2,False,-0.9,"[1, 7]",7
057F3499D929485487C0D41776306BAE,0,True,1.2,"[2, 7]",9
057F3499D929485487C0D41776306BAE,1,False,-0.5,"[1, 8]",0
057F3499D929485487C0D41776306BAE,2,False,-1.5,"[0, 4, 6]",2
062AA6EFA57B4FF2A6B6E8479B632B94,0,False,2.0,"[2, 5, 7]",8
062AA6EFA57B4FF2A6B6E8479B632B94,1,False,-1.4,"[1, 4, 8]",0
062AA6EFA57B4FF2A6B6E8479B632B94,2,False,-2.0,"[0, 4, 6]",1
06A79881A79D4E1CA265E2B847F7A5F4,0,False,1.0,"[3, 4, 6]",4
06A79881A79D4E1CA265E2B847F7A5F4,1,False,0.7,"[8, 6, 4]",0
06A79881A79D4E1CA265E2B847F7A5F4,2,False,-0.5,"[4, 1, 8]",4
06EA0644EBFB48779E0BD67631F65F39,0,False,2.0,"[2, 9]",7
06EA0644EBFB48779E0BD67631F65F39,1,False,-2.0,"[0, 4]",0
06EA0644EBFB48779E0BD67631F65F39,2,False,-2.0,"[4, 6]",0
071171419FBB419EBACD0180AA1EAD2D,0,True,1.5,"[2, 6, 5]",5
071171419FBB419EBACD0180AA1EAD2D,1,False,0.5,"[6, 3, 1]",0
071171419FBB419EBACD0180AA1EAD2D,2,True,-0.6,"[1, 7]",4
071B012579FF4EEBB3BCA50719E1A40F,0,False,2.0,[2],8
071B012579FF4EEBB3BCA50719E1A40F,1,False,-2.0,"[0, 4, 8]",0
071B012579FF4EEBB3BCA50719E1A40F,2,False,-2.0,"[0, 4, 6]",1
078D6C0971DC4DF992E9528AD500969F,0,True,0.0,"[2, 1, 4]",6
078D6C0971DC4DF992E9528AD500969F,1,False,0.0,"[7, 2, 0]",0
078D6C0971DC4DF992E9528AD500969F,2,True,0.0,"[0, 3, 8]",6
07B408114B4545CA8B587B7E09BF1A01,0,False,0.0,"[4, 8, 6]",3
07B408114B4545CA8B587B7E09BF1A01,1,False,0.0,"[4, 8, 6]",0
07B408114B4545CA8B587B7E09BF1A01,2,False,0.0,"[4, 8, 6]",8
081C478370F54DABBF6F76F47BC7FD67,0,False,-0.9,[9],4
081C478370F54DABBF6F76F47BC7FD67,1,False,0.0,[6],0
081C478370F54DABBF6F76F47BC7FD67,2,False,1.2,[4],6
08867740B06B4A9B8408C348F9A3AA09,0,False,-1.3,[1],6
08867740B06B4A9B8408C348F9A3AA09,1,False,1.0,"[3, 6]",0
08867740B06B4A9B8408C348F9A3AA09,2,False,-1.0,[7],3
090000DA707142A38385C7A44E31677D,0,False,0.0,"[1, 6, 8]",5
090000DA707142A38385C7A44E31677D,1,False,0.0,"[3, 8, 6]",0
090000DA707142A38385C7A44E31677D,2,False,0.0,"[0, 9, 7]",6
09228F2CD6294CF1AEA7171816AABA1F,0,False,0.0,[2],4
09228F2CD6294CF1AEA7171816AABA1F,1,False,0.0,[1],0
09228F2CD6294CF1AEA7171816AABA1F,2,False,0.0,[0],5
09804C26E1FD4C718AE81F0720A2B530,0,False,0.0,[3],7
09804C26E1FD4C718AE81F0720A2B530,1,False,0.0,[0],0
09804C26E1FD4C718AE81F0720A2B530,2,False,0.0,[2],2
09DE52E0D4FA438FA7604C64DC26BC1B,0,False,0.0,"[0, 6, 5]",7
09DE52E0D4FA438FA7604C64DC26BC1B,1,False,0.0,"[0, 6, 8]",0
09DE52E0D4FA438FA7604C64DC26BC1B,2,False,0.0,"[2, 5, 9]",6
0B23D5D9AACA4AFD9227F5D0EFE58EEA,0,False,1.3,[3],3
0B23D5D9AACA4AFD9227F5D0EFE58EEA,1,False,2.0,[2],0
0B23D5D9AACA4AFD9227F5D0EFE58EEA,2,False,-1.0,[0],8
0B8559F4E73E445AABCFDB016A4A374F,0,False,-0.5,"[7, 3, 8]",3
0B8559F4E73E445AABCFDB016A4A374F,1,False,1.0,"[3, 4, 8]",0
0B8559F4E73E445AABCFDB016A4A374F,2,False,0.5,"[1, 7, 5]",5
0B95ACD495CD48998EAC25E0558322C9,0,False,0.0,"[2, 9]",6
0B95ACD495CD48998EAC25E0558322C9,1,False,0.0,"[1, 8]",0
0B95ACD495CD48998EAC25E0558322C9,2,True,0.0,"[5, 1, 3]",4
0C2812C24C2B4C7AB352B4C0AF05ECDD,0,False,-1.5,"[0, 5, 6]",3
0C2812C24C2B4C7AB352B4C0AF05ECDD,1,False,2.0,"[2, 8, 4]",0
0C2812C24C2B4C7AB352B4C0AF05ECDD,2,False,2.0,"[2, 8, 6]",4
0CC1434FA3D54A91AC263651FD0836F5,0,True,-0.6,"[9, 5, 1]",5
0CC1434FA3D54A91AC263651FD0836F5,1,False,0.1,"[3, 4, 8]",0
0CC1434FA3D54A91AC263651FD0836F5,2,False,0.1,"[0, 7, 9]",4
0CD5A01591584DE1940F418669198AEB,0,True,2.0,[2],3
0CD5A01591584DE1940F418669198AEB,1,False,1.1,[3],0
0CD5A01591584DE1940F418669198AEB,2,True,-2.0,"[0, 7]",7
0DEC234AE3F94DEABD93FC73FB4A1238,0,False,0.0,[2],6
0DEC234AE3F94DEABD93FC73FB4A1238,1,False,0.0,[3],0
0DEC234AE3F94DEABD93FC73FB4A1238,2,False,0.0,[3],4
0E459E9B027D4629BF6C5ADF21124E39,0,False,0.0,[2],8
0E459E9B027D4629BF6C5ADF21124E39,1,False,0.0,[0],0
0E459E9B027D4629BF6C5ADF21124E39,2,True,0.0,[0],1
0F2E0CA76F7741D2B5D9B4957E7A7D52,0,False,-0.8,"[3, 5, 7]",5
0F2E0CA76F7741D2B5D9B4957E7A7D52,1,False,-0.9,"[1, 6, 8]",0
0F2E0CA76F7741D2B5D9B4957E7A7D52,2,False,0.7,"[0, 8, 6]",4
0F413487254A4CA398144557EBBB7D3D,0,False,0.2,"[6, 8, 1]",3
0F413487254A4CA398144557EBBB7D3D,1,False,-0.4,"[1, 6, 3]",0
0F413487254A4CA398144557EBBB7D3D,2,False,-0.4,"[1, 8, 4]",4
0F4CC486FCEF48E99DE6DDCDCB734089,0,False,-1.5,"[1, 5, 8]",5
0F4CC486FCEF48E99DE6DDCDCB734089,1,False,2.0,"[2, 4, 6]",0
0F4CC486FCEF48E99DE6DDCDCB734089,2,False,-0.5,"[0, 8, 5]",7
0FD2FE3A81B944F998CFBA7227EED4F1,0,False,0.0,"[3, 5]",7
0FD2FE3A81B944F998CFBA7227EED4F1,1,False,0.0,"[1, 6]",0
0FD2FE3A81B944F998CFBA7227EED4F1,2,False,0.0,"[1, 5]",3
1074DEABAAD0477695106E56171A29F7,0,False,-0.4,"[1, 6, 8]",6
1074DEABAAD0477695106E56171A29F7,1,False,-0.9,"[1, 6]",0
1074DEABAAD0477695106E56171A29F7,2,False,0.1,"[3, 5]",1
10F8DDBEA1F9494FB42940DEAE44DCEC,0,False,2.0,[2],3
10F8DDBEA1F9494FB42940DEAE44DCEC,1,False,1.7,"[3, 6, 8]",0
10F8DDBEA1F9494FB42940DEAE44DCEC,2,False,-1.3,[0],3
10F9EB571E8F4893B63292EDAB04F3A0,0,False,1.7,"[9, 2, 7]",6
10F9EB571E8F4893B63292EDAB04F3A0,1,False,0.0,"[0, 4, 8]",0
10F9EB571E8F4893B63292EDAB04F3A0,2,False,-0.9,"[1, 5, 8]",2
11C928CBCF6C4661BD61754FE522A9B4,0,False,2.0,"[9, 2]",8
11C928CBCF6C4661BD61754FE522A9B4,1,False,-2.0,"[0, 8, 6]",0
11C928CBCF6C4661BD61754FE522A9B4,2,False,-1.7,"[0, 6, 8]",0
11D6AF61B25E41388C456EB41EB024BE,0,True,0.0,"[2, 5, 9]",7
11D6AF61B25E41388C456EB41EB024BE,1,False,0.0,"[1, 4, 8]",0
11D6AF61B25E41388C456EB41EB024BE,2,False,0.0,"[0, 4, 8]",2
1485603DA1B84D6DB8EDA242CF1A10DC,0,False,1.6,"[7, 9, 2]",3
1485603DA1B84D6DB8EDA242CF1A10DC,1,False,-1.6,"[0, 1, 4]",0
1485603DA1B84D6DB8EDA242CF1A10DC,2,False,-1.9,"[0, 4]",2
1493A7BAEEF346F680E3F196BB72272A,0,False,0.0,[3],7
1493A7BAEEF346F680E3F196BB72272A,1,False,0.0,"[4, 1]",0
1493A7BAEEF346F680E3F196BB72272A,2,False,0.0,[4],3
14AC26F60640419982870C6396588A13,0,False,0.9,[3],5
14AC26F60640419982870C6396588A13,1,False,1.5,[2],0
14AC26F60640419982870C6396588A13,2,False,-1.1,[0],5
14FAB1BF5EE241F4AC1E2B8279B866AA,0,True,-0.6,[3],6
14FAB1BF5EE241F4AC1E2B8279B866AA,1,False,0.8,[2],0
14FAB1BF5EE241F4AC1E2B8279B866AA,2,True,-0.4,[1],5
162516ED24D648ECBCCE91357F26DC77,0,True,1.7,"[2, 7, 9]",6
162516ED24D648ECBCCE91357F26DC77,1,False,-1.3,"[1, 4, 8]",0
162516ED24D648ECBCCE91357F26DC77,2,True,-2.0,"[0, 6, 8]",2
17C85E96AECE4F48B85D465B06656A20,0,False,0.2,[3],7
17C85E96AECE4F48B85D465B06656A20,1,False,0.0,[5],0
17C85E96AECE4F48B85D465B06656A20,2,False,-0.2,[1],2
17E164CD84AC4F23B1D843EBD341FFDA,0,True,1.0,"[2, 9]",8
17E164CD84AC4F23B1D843EBD341FFDA,1,False,-0.7,[0],0
17E164CD84AC4F23B1D843EBD341FFDA,2,False,-0.9,"[1, 9]",1
17F76C77FFDA4939A5241C48FD944FF7,0,False,1.0,"[5, 7, 3]",7
17F76C77FFDA4939A5241C48FD944FF7,1,False,0.0,"[7, 8, 6]",0
17F76C77FFDA4939A5241C48FD944FF7,2,False,-1.0,"[7, 8, 6]",3
180BDA272B474D36AF9FA9EC01779D78,0,False,-0.7,"[3, 5]",5
180BDA272B474D36AF9FA9EC01779D78,1,False,0.0,"[3, 4, 1]",0
180BDA272B474D36AF9FA9EC01779D78,2,False,0.6,"[1, 4, 8]",3
189C3E7BE9974706A20C5FF5DEBD57BC,0,True,1.0,"[8, 2]",5
189C3E7BE9974706A20C5FF5DEBD57BC,1,False,0.0,"[2, 8]",0
189C3E7BE9974706A20C5FF5DEBD57BC,2,True,-0.9,"[8, 1]",7
197B26507CAD4773945509B06FC33AA5,0,True,0.0,[3],3
197B26507CAD4773945509B06FC33AA5,1,False,0.0,[3],0
197B26507CAD4773945509B06FC33AA5,2,True,0.0,[1],4
1985A9BB450945ACAB74AE551F5F4855,0,False,1.0,[2],9
1985A9BB450945ACAB74AE551F5F4855,1,False,-0.9,"[0, 4]",0
1985A9BB450945ACAB74AE551F5F4855,2,False,-0.6,"[0, 4]",2
1AA2C6B8253E42239798BEF551198E36,0,False,2.0,"[2, 9]",8
1AA2C6B8253E42239798BEF551198E36,1,False,-2.0,"[0, 4, 8]",0
1AA2C6B8253E42239798BEF551198E36,2,False,-2.0,"[0, 4, 8]",1
1BCE056579534670878DE6FA764B9A2A,0,False,-0.9,"[1, 5, 7]",5
1BCE056579534670878DE6FA764B9A2A,1,False,-1.5,"[3, 1, 6]",0
1BCE056579534670878DE6FA764B9A2A,2,False,-0.8,"[4, 8, 1]",4
1C2D2BC675A54F30A496DDEEFDA7BC31,0,True,1.3,"[4, 6, 8]",4
1C2D2BC675A54F30A496DDEEFDA7BC31,1,False,1.6,"[6, 8, 2]",0
1C2D2BC675A54F30A496DDEEFDA7BC31,2,False,1.0,"[4, 8, 3]",5
1C5CBBB511BA4A83A0323685B6060134,0,False,0.7,"[3, 4, 8]",4
1C5CBBB511BA4A83A0323685B6060134,1,False,1.1,"[3, 4, 8]",0
1C5CBBB511BA4A83A0323685B6060134,2,False,-0.6,"[1, 4, 6]",7
1CF7C21F094A41B787AA4786ED542DC9,0,False,1.0,"[8, 1, 4]",4
1CF7C21F094A41B787AA4786ED542DC9,1,False,2.0,"[2, 4, 8]",0
1CF7C21F094A41B787AA4786ED542DC9,2,True,-1.0,"[0, 8, 7]",6
1E3BD47CF87945A0A0FBA82EABB7F6B0,0,True,0.0,[3],9
1E3BD47CF87945A0A0FBA82EABB7F6B0,1,False,0.0,[3],0
1E3BD47CF87945A0A0FBA82EABB7F6B0,2,True,0.0,[3],2
2014ADCB923242828F38B864DEC7E9D4,0,False,-0.4,"[1, 8]",2
2014ADCB923242828F38B864DEC7E9D4,1,False,-1.9,"[0, 8, 4]",0
2014ADCB923242828F38B864DEC7E9D4,2,False,-2.0,"[0, 4, 8]",1
2029AFA4C0B44608A91F5754DD90A1BC,0,False,1.1,"[2, 9, 5]",8
2029AFA4C0B44608A91F5754DD90A1BC,1,False,-2.0,"[0, 4, 7]",0
2029AFA4C0B44608A91F5754DD90A1BC,2,False,-1.1,"[1, 8, 5]",3
21100694638C4D7387B8AD7A9C9074C2,0,False,1.0,[2],7
21100694638C4D7387B8AD7A9C9074C2,1,False,-1.0,[1],0
21100694638C4D7387B8AD7A9C9074C2,2,False,-1.0,[0],3
21727F7DC5354EDCA80C499E02C4E3A9,0,False,1.4,"[2, 5]",1
21727F7DC5354EDCA80C499E02C4E3A9,1,False,1.0,"[2, 4]",0
21727F7DC5354EDCA80C499E02C4E3A9,2,False,-1.0,"[1, 4]",5
218D74FFB32A4C838A88C6019A69DE91,0,False,1.0,[3],4
218D74FFB32A4C838A88C6019A69DE91,1,False,-1.8,[0],0
218D74FFB32A4C838A88C6019A69DE91,2,False,-1.9,[0],1
2199BC5C135A4976AE5708EC981A657B,0,False,0.0,"[1, 3, 5]",4
2199BC5C135A4976AE5708EC981A657B,1,False,2.0,"[4, 2, 8]",0
2199BC5C135A4976AE5708EC981A657B,2,False,0.0,"[4, 5, 6]",2
21CC1F4A3630480AAC403B2C1BD514C5,0,False,0.9,[2],6
21CC1F4A3630480AAC403B2C1BD514C5,1,False,0.0,"[5, 8]",0
21CC1F4A3630480AAC403B2C1BD514C5,2,False,1.0,[2],5
2217FCEDACB447AABB495788244251D4,0,False,-0.4,[1],6
2217FCEDACB447AABB495788244251D4,1,False,-0.3,[3],0
2217FCEDACB447AABB495788244251D4,2,False,-0.6,[5],4
22574F14C36748D5AF5E4C8D80EC1784,0,False,0.7,"[1, 7]",5
22574F14C36748D5AF5E4C8D80EC1784,1,False,1.0,"[3, 8]",0
22574F14C36748D5AF5E4C8D80EC1784,2,False,-1.0,"[2, 6]",7
2264D80864254B698C3A2849AD444185,0,True,0.9,[7],4
2264D80864254B698C3A2849AD444185,1,False,0.0,"[6, 4, 8]",0
2264D80864254B698C3A2849AD444185,2,True,0.0,"[8, 4]",4
236B988A1920439984AD4F78CB7D8E71,0,False,1.0,"[6, 3]",3
236B988A1920439984AD4F78CB7D8E71,1,False,1.0,"[2, 6, 8]",0
236B988A1920439984AD4F78CB7D8E71,2,False,-1.0,"[1, 6]",3
237194CD2C1C4BFBA9AE8CE24126C539,0,False,1.7,"[2, 5, 7]",6
237194CD2C1C4BFBA9AE8CE24126C539,1,False,-0.4,"[1, 4, 8]",0
237194CD2C1C4BFBA9AE8CE24126C539,2,True,-1.1,"[1, 8]",3
239120739FAE48FD9749FD6B2EC2F66E,0,False,1.9,[2],9
239120739FAE48FD9749FD6B2EC2F66E,1,False,-1.7,[0],0
239120739FAE48FD9749FD6B2EC2F66E,2,False,-1.7,[0],1
23A0AA31DA424113B118E1545F724FFC,0,False,1.6,[2],7
23A0AA31DA424113B118E1545F724FFC,1,False,-0.2,"[1, 6]",0
23A0AA31DA424113B118E1545F724FFC,2,False,-1.2,"[0, 4]",4
23FA8333AAFC422E866AD71CCEC960CA,0,False,1.3,[2],4
23FA8333AAFC422E866AD71CCEC960CA,1,False,0.5,[6],0
23FA8333AAFC422E866AD71CCEC960CA,2,False,-1.3,[0],5
24AE180313844F8E9C09F0EE32E8EB93,0,False,1.0,[3],4
24AE180313844F8E9C09F0EE32E8EB93,1,False,1.0,[3],0
24AE180313844F8E9C09F0EE32E8EB93,2,False,-1.0,"[7, 0]",9
259EC5BE93E74CCAA11657FD674FCC1E,0,False,2.0,"[2, 9]",6
259EC5BE93E74CCAA11657FD674FCC1E,1,False,-1.5,"[0, 6, 8]",0
259EC5BE93E74CCAA11657FD674FCC1E,2,False,-1.0,"[1, 6, 8]",2
25B31A6D7BF8493985AB2D327FB54C00,0,False,0.3,"[3, 8]",5
25B31A6D7BF8493985AB2D327FB54C00,1,False,-1.3,"[0, 8, 6]",0
25B31A6D7BF8493985AB2D327FB54C00,2,False,-0.5,"[3, 4]",6
25C5CC25D63C430C8C1E16F1356B9055,0,True,1.3,"[2, 5, 7]",7
25C5CC25D63C430C8C1E16F1356B9055,1,False,-1.0,"[1, 4, 8]",0
25C5CC25D63C430C8C1E16F1356B9055,2,False,-1.7,"[8, 4, 1]",1
26E70BF397304AB2A9585180E89A9493,0,False,2.0,"[2, 6, 8]",3
26E70BF397304AB2A9585180E89A9493,1,False,2.0,"[2, 8, 4]",0
26E70BF397304AB2A9585180E89A9493,2,False,-2.0,"[0, 9, 7]",6
27FFBAB5A4084B64BDEF8B1F3CF6F4ED,0,False,-1.2,"[2, 8, 4]",3
27FFBAB5A4084B64BDEF8B1F3CF6F4ED,1,False,1.1,"[2, 4, 6]",0
27FFBAB5A4084B64BDEF8B1F3CF6F4ED,2,False,1.8,"[0, 4, 8]",5
286568B59A454BF6B4AA082A1DD1AE2D,0,False,0.0,"[0, 7]",8
286568B59A454BF6B4AA082A1DD1AE2D,1,False,0.0,"[2, 6, 4]",0
286568B59A454BF6B4AA082A1DD1AE2D,2,True,0.0,"[2, 4]",3
2A4B6E3B4F2C444B8428EA05DE1E0F13,0,True,2.0,[3],7
2A4B6E3B4F2C444B8428EA05DE1E0F13,1,False,-2.0,[0],0
2A4B6E3B4F2C444B8428EA05DE1E0F13,2,True,-2.0,[0],1
2B6E7580A0964CABA9A80744D910F58F,0,False,-0.7,"[3, 6, 8]",6
2B6E7580A0964CABA9A80744D910F58F,1,False,0.9,"[8, 4, 6]",0
2B6E7580A0964CABA9A80744D910F58F,2,False,1.4,"[1, 6, 8]",5
2B7B8F8CD02F4897BEAD0D0ABE5A097E,0,False,0.0,[6],4
2B7B8F8CD02F4897BEAD0D0ABE5A097E,1,False,0.0,[8],0
2B7B8F8CD02F4897BEAD0D0ABE5A097E,2,False,0.0,[3],5
2DC8E0F4F6C7481C8B038CF2C8A447CA,0,False,2.0,"[2, 5]",10
2DC8E0F4F6C7481C8B038CF2C8A447CA,1,False,-1.0,"[1, 4]",0
2DC8E0F4F6C7481C8B038CF2C8A447CA,2,False,-2.0,"[1, 4, 8]",2
2E4D184566A4456796F7C97491319DBF,0,True,-2.0,[2],4
2E4D184566A4456796F7C97491319DBF,1,False,0.6,[3],0
2E4D184566A4456796F7C97491319DBF,2,True,2.0,[0],6
2EBF6324734B4FC4B9EC2DA6099D6699,0,False,-1.2,[2],8
2EBF6324734B4FC4B9EC2DA6099D6699,1,False,-1.2,[1],0
2EBF6324734B4FC4B9EC2DA6099D6699,2,False,2.0,[1],4
2ED051D46A6B4B31846A1D43DE8CB440,0,True,0.0,[2],3
2ED051D46A6B4B31846A1D43DE8CB440,1,False,0.0,[3],0
2ED051D46A6B4B31846A1D43DE8CB440,2,True,0.0,[0],3
2F3875A47BD048D78EDD90B1E7E22FE4,0,False,0.7,[3],5
2F3875A47BD048D78EDD90B1E7E22FE4,1,False,-1.5,[0],0
2F3875A47BD048D78EDD90B1E7E22FE4,2,False,1.4,[2],4
2F52533DF3B249F991DA3032F4A60427,0,False,0.0,[2],6
2F52533DF3B249F991DA3032F4A60427,1,False,0.0,"[0, 4, 6]",0
2F52533DF3B249F991DA3032F4A60427,2,False,0.0,[0],2
2FA543FD1C31419CB8107888D3E03B01,0,False,1.4,"[2, 6, 8]",7
2FA543FD1C31419CB8107888D3E03B01,1,False,0.5,"[1, 6, 8]",0
2FA543FD1C31419CB8107888D3E03B01,2,False,-1.0,"[0, 4, 6]",3
305D194439784138A7A4F13CACF45AD4,0,False,1.9,"[2, 5, 7]",9
305D194439784138A7A4F13CACF45AD4,1,False,-0.6,"[1, 4, 6]",0
305D194439784138A7A4F13CACF45AD4,2,False,-0.9,"[0, 8, 6]",0
308EA3A6D1B0476B97CA33AB867F3DFD,0,True,1.0,"[4, 6, 3]",4
308EA3A6D1B0476B97CA33AB867F3DFD,1,False,1.0,"[3, 4, 6]",0
308EA3A6D1B0476B97CA33AB867F3DFD,2,True,-0.9,"[4, 6, 1]",5
31787FCF191443448C2DCD4B4E966FA1,0,False,-0.8,[1],6
31787FCF191443448C2DCD4B4E966FA1,1,False,1.3,"[2, 6, 4]",0
31787FCF191443448C2DCD4B4E966FA1,2,False,-0.7,[1],7
31BBCE6D968F48649D23F74BEFF5BEF9,0,True,0.0,"[1, 4, 6]",5
31BBCE6D968F48649D23F74BEFF5BEF9,1,False,0.0,"[1, 4, 6]",0
31BBCE6D968F48649D23F74BEFF5BEF9,2,False,0.0,"[1, 4, 6]",1
32042352EBB149FF8BA1A3E470BC6ADE,0,False,1.5,"[2, 7]",4
32042352EBB149FF8BA1A3E470BC6ADE,1,False,0.5,"[3, 1]",0
32042352EBB149FF8BA1A3E470BC6ADE,2,False,-1.4,"[0, 7]",3
321B93063C6A40D3801222F29E15B154,0,False,1.6,[2],4
321B93063C6A40D3801222F29E15B154,1,False,1.0,[3],0
321B93063C6A40D3801222F29E15B154,2,False,-1.0,[0],5
327507887C354A62AB1DF9241092467A,0,False,0.0,[3],4
327507887C354A62AB1DF9241092467A,1,False,0.0,[2],0
327507887C354A62AB1DF9241092467A,2,False,0.0,[0],6
327B7D78DA5845EFAE41DE3F0A8269A5,0,False,2.0,"[3, 7]",7
327B7D78DA5845EFAE41DE3F0A8269A5,1,False,-1.0,"[1, 4, 6]",0
327B7D78DA5845EFAE41DE3F0A8269A5,2,False,0.0,"[1, 4, 6]",3
327FEB111FA84F148BCF4D5B276BD79B,0,True,1.0,"[2, 8, 6]",7
327FEB111FA84F148BCF4D5B276BD79B,1,False,-0.3,"[1, 5, 6]",0
327FEB111FA84F148BCF4D5B276BD79B,2,True,-0.8,"[0, 4, 8]",2
32BCBC0AB2B247BEAB86A45A9F2DBF4C,0,False,0.0,[8],6
32BCBC0AB2B247BEAB86A45A9F2DBF4C,1,False,0.0,[6],0
32BCBC0AB2B247BEAB86A45A9F2DBF4C,2,False,0.0,[4],5
32C2B8292FC94999B1D97DF28427DE34,0,False,2.0,"[2, 7]",4
32C2B8292FC94999B1D97DF28427DE34,1,False,0.0,"[8, 6]",0
32C2B8292FC94999B1D97DF28427DE34,2,False,-1.9,"[0, 7]",6
32D1116ED19744138AB2C2811883C96B,0,False,1.0,[3],6
32D1116ED19744138AB2C2811883C96B,1,False,-2.0,[0],0
32D1116ED19744138AB2C2811883C96B,2,False,-2.0,[0],1
337AE362496042D28DF745CB51DDE2E9,0,False,1.1,[3],3
337AE362496042D28DF745CB51DDE2E9,1,False,1.4,[2],0
337AE362496042D28DF745CB51DDE2E9,2,False,-1.6,[0],8
33EA65F95A8B452F801254B76D7571CB,0,False,1.0,[2],8
33EA65F95A8B452F801254B76D7571CB,1,False,-1.0,[1],0
33EA65F95A8B452F801254B76D7571CB,2,False,-1.0,[1],2
349CB3DD67FE4620B8BECBC33C18168A,0,False,2.0,[2],0
349CB3DD67FE4620B8BECBC33C18168A,1,False,2.0,[2],0
349CB3DD67FE4620B8BECBC33C18168A,2,False,-1.8,[0],9
34DF0C3632EF48208B0B016AEF348F51,0,True,-0.6,"[1, 4, 8]",5
34DF0C3632EF48208B0B016AEF348F51,1,False,1.0,"[3, 6, 8]",0
34DF0C3632EF48208B0B016AEF348F51,2,False,-0.6,"[1, 3, 8]",5
35AA642697B340BD842F947968872A31,0,False,1.0,"[7, 3]",5
35AA642697B340BD842F947968872A31,1,False,-1.0,"[1, 6, 8]",0
35AA642697B340BD842F947968872A31,2,False,-1.0,"[6, 8, 1]",1
35C1513C56B0434C950E7DF6D3E95155,0,True,1.0,"[3, 8]",4
35C1513C56B0434C950E7DF6D3E95155,1,False,1.5,"[2, 8]",0
35C1513C56B0434C950E7DF6D3E95155,2,False,-1.0,"[1, 4]",4
35C167A8A69C44C6901146BCBDA40868,0,False,0.8,"[2, 5, 8]",8
35C167A8A69C44C6901146BCBDA40868,1,False,-0.9,"[1, 4]",0
35C167A8A69C44C6901146BCBDA40868,2,False,0.0,"[3, 4]",5
35D406A965C04B7195DDF42F5A634C51,0,False,0.8,"[2, 5, 7]",3
35D406A965C04B7195DDF42F5A634C51,1,False,0.4,"[3, 4, 8]",0
35D406A965C04B7195DDF42F5A634C51,2,False,-0.5,"[0, 4, 9]",2
35FBF537425D47AEA1E5C1F09207ECA1,0,False,2.0,"[2, 7, 9]",7
35FBF537425D47AEA1E5C1F09207ECA1,1,False,-0.6,"[1, 5, 8]",0
35FBF537425D47AEA1E5C1F09207ECA1,2,False,-2.0,"[7, 9, 0]",3
364A941439CB46E9A50B89293847C072,0,False,0.7,[2],3
364A941439CB46E9A50B89293847C072,1,False,-2.0,[0],0
364A941439CB46E9A50B89293847C072,2,False,-1.3,[0],0
365525BEF01440AF9A2F68C447B8C457,0,False,2.0,"[2, 7]",8
365525BEF01440AF9A2F68C447B8C457,1,False,-1.0,"[1, 4, 6]",0
365525BEF01440AF9A2F68C447B8C457,2,False,-1.0,"[1, 7, 4]",2
370D4E31F2944616B669B378381D26F8,0,False,1.0,"[2, 8]",5
370D4E31F2944616B669B378381D26F8,1,False,-1.0,"[1, 8]",0
370D4E31F2944616B669B378381D26F8,2,False,-2.0,"[1, 8]",3
3845F856F95445989C5399AC3A4D14F6,0,False,1.0,"[3, 6, 8]",3
3845F856F95445989C5399AC3A4D14F6,1,False,-2.0,"[3, 6, 8]",0
3845F856F95445989C5399AC3A4D14F6,2,False,1.0,"[0, 7, 9]",9
3AC52CDBA82B4871A1A268BFD592CC3F,0,False,1.0,[3],3
3AC52CDBA82B4871A1A268BFD592CC3F,1,False,-1.0,[1],0
3AC52CDBA82B4871A1A268BFD592CC3F,2,False,-2.0,[0],2
3ADB2033FD504029BBC8C3DB21B0E992,0,False,0.6,"[8, 3, 6]",4
3ADB2033FD504029BBC8C3DB21B0E992,1,False,0.6,"[8, 3]",0
3ADB2033FD504029BBC8C3DB21B0E992,2,False,0.6,"[8, 6, 3]",3
3B5B611FE27446CC9BE6A2A289AE9EF9,0,True,-1.1,"[3, 7]",7
3B5B611FE27446CC9BE6A2A289AE9EF9,1,False,0.0,"[3, 6, 7]",0
3B5B611FE27446CC9BE6A2A289AE9EF9,2,True,-1.1,"[0, 7]",4
3B8CA6030BE747B3AAD54F96C8E437F0,0,False,-1.0,"[0, 5]",4
3B8CA6030BE747B3AAD54F96C8E437F0,1,False,0.0,"[4, 6, 8]",0
3B8CA6030BE747B3AAD54F96C8E437F0,2,False,1.1,"[1, 5]",5
3C49C52656AC40C084B1A982A4D7E5C7,0,False,0.2,"[8, 1]",6
3C49C52656AC40C084B1A982A4D7E5C7,1,False,0.7,"[3, 8]",0
3C49C52656AC40C084B1A982A4D7E5C7,2,False,0.3,"[8, 3]",5
3C4E54A8D6404DDE99ABA847973B0413,0,False,0.2,"[8, 4, 6]",6
3C4E54A8D6404DDE99ABA847973B0413,1,False,0.1,"[8, 4, 6]",0
3C4E54A8D6404DDE99ABA847973B0413,2,False,-0.2,"[8, 4, 6]",3
3C9713985EF6444A974C932DC3038446,0,False,0.3,"[3, 6, 8]",7
3C9713985EF6444A974C932DC3038446,1,False,0.0,"[4, 6, 8]",0
3C9713985EF6444A974C932DC3038446,2,False,-1.0,"[1, 4, 6]",4
3D7967102A1F426EA5254BD5807A2FEF,0,False,0.4,"[2, 8]",1
3D7967102A1F426EA5254BD5807A2FEF,1,False,0.0,[2],0
3D7967102A1F426EA5254BD5807A2FEF,2,False,0.0,"[0, 7]",9
3E3DF02A99C04268B2069EA4D7D10D60,0,False,-0.9,"[3, 1, 8]",5
3E3DF02A99C04268B2069EA4D7D10D60,1,False,2.0,"[2, 6, 8]",0
3E3DF02A99C04268B2069EA4D7D10D60,2,False,-0.9,"[1, 3, 8]",7
3E55592C16FA4FA5B591DA7FCDEDDD59,0,False,0.5,"[3, 5]",4
3E55592C16FA4FA5B591DA7FCDEDDD59,1,False,-1.0,"[1, 4, 8]",0
3E55592C16FA4FA5B591DA7FCDEDDD59,2,True,-1.4,"[1, 7]",4
3E946DE2EB704C4FBF0AC7B641FACF87,0,False,2.0,[2],3
3E946DE2EB704C4FBF0AC7B641FACF87,1,False,2.0,[2],0
3E946DE2EB704C4FBF0AC7B641FACF87,2,False,-1.0,[0],8
3EAD4F4A9B3C4A17AA1AA1FB7E4EFE30,0,False,1.6,"[2, 8]",5
3EAD4F4A9B3C4A17AA1AA1FB7E4EFE30,1,False,-0.3,"[1, 4]",0
3EAD4F4A9B3C4A17AA1AA1FB7E4EFE30,2,False,-1.7,"[0, 8]",3
3F0C49D20259413AAAC3705E2C280442,0,False,1.4,[3],6
3F0C49D20259413AAAC3705E2C280442,1,False,0.5,"[2, 3]",0
3F0C49D20259413AAAC3705E2C280442,2,False,-1.5,"[0, 7]",6
3FD79C99AC364B2EBB19D7558375D942,0,False,2.0,"[2, 7]",2
3FD79C99AC364B2EBB19D7558375D942,1,False,1.0,"[2, 8]",0
3FD79C99AC364B2EBB19D7558375D942,2,False,-1.5,"[0, 7]",4
400F513B8E794502A69DB9809170D10B,0,False,2.0,[2],7
400F513B8E794502A69DB9809170D10B,1,False,-1.5,[1],0
400F513B8E794502A69DB9809170D10B,2,False,-1.5,[1],1
407422007B99479785EA11A19D7609E7,0,False,0.0,"[7, 9]",3
407422007B99479785EA11A19D7609E7,1,False,0.0,"[6, 8, 4]",0
407422007B99479785EA11A19D7609E7,2,False,0.0,"[4, 6, 8]",4
40C181D6AC37473D968295D60FCFC0C9,0,False,0.0,"[3, 2, 6]",8
40C181D6AC37473D968295D60FCFC0C9,1,False,0.0,"[0, 4, 6]",0
40C181D6AC37473D968295D60FCFC0C9,2,False,0.0,"[0, 4]",2
4101536F44A04C539DD01006C3E1FF4F,0,False,-0.2,[3],4
4101536F44A04C539DD01006C3E1FF4F,1,False,0.0,[5],0
4101536F44A04C539DD01006C3E1FF4F,2,False,0.2,[1],6
410BFE361E18440788A57B566C8CD495,0,False,2.0,"[2, 9]",7
410BFE361E18440788A57B566C8CD495,1,False,-0.9,"[0, 4, 6]",0
410BFE361E18440788A57B566C8CD495,2,False,-1.4,"[0, 4, 6]",2
414CE39AD46E442D8DA188D0C9C50CFC,0,False,1.3,[3],3
414CE39AD46E442D8DA188D0C9C50CFC,1,False,2.0,[2],0
414CE39AD46E442D8DA188D0C9C50CFC,2,True,-1.8,[0],7
41DD0ADC4C22439B9A954DD7B9930EC1,0,True,-0.6,[2],6
41DD0ADC4C22439B9A954DD7B9930EC1,1,False,1.0,[2],0
41DD0ADC4C22439B9A954DD7B9930EC1,2,True,-0.5,[0],6
4228725B2E8548CEB7D8A48CB40A69AA,0,False,0.0,"[0, 4, 5]",6
4228725B2E8548CEB7D8A48CB40A69AA,1,False,0.0,"[0, 6, 8]",0
4228725B2E8548CEB7D8A48CB40A69AA,2,False,0.0,"[1, 4, 9]",4
43AD75CE951840A2A1DA5F1452CFEF76,0,False,1.8,"[3, 8]",1
43AD75CE951840A2A1DA5F1452CFEF76,1,False,1.3,"[2, 4, 8]",0
43AD75CE951840A2A1DA5F1452CFEF76,2,False,-0.5,"[7, 1]",6
454A96E27D8B41FDA1D77FFBDACEE68B,0,False,0.0,[3],5
454A96E27D8B41FDA1D77FFBDACEE68B,1,False,-2.0,[0],0
454A96E27D8B41FDA1D77FFBDACEE68B,2,False,0.1,[3],3
45D9B639509C4A72847A2C8D33D67C28,0,False,1.4,"[2, 7]",5
45D9B639509C4A72847A2C8D33D67C28,1,False,-1.0,"[1, 6]",0
45D9B639509C4A72847A2C8D33D67C28,2,False,-1.6,"[0, 7]",3
46684968B0A44158B3BC38040CCB0B8A,0,False,0.8,[0],0
46684968B0A44158B3BC38040CCB0B8A,1,False,1.4,[3],0
46684968B0A44158B3BC38040CCB0B8A,2,True,1.0,[5],6
469CFA82654942D9B8D50D91C234F713,0,False,1.3,"[2, 7, 5]",6
469CFA82654942D9B8D50D91C234F713,1,False,-1.9,"[0, 8, 6]",0
469CFA82654942D9B8D50D91C234F713,2,False,-1.0,"[0, 8, 1]",2
470B1E0E71A3465181D73DDA83E66D55,0,False,1.0,"[4, 3, 8]",3
470B1E0E71A3465181D73DDA83E66D55,1,False,-0.9,"[1, 4, 8]",0
470B1E0E71A3465181D73DDA83E66D55,2,False,-0.7,[1],2
470D845650704BAAB094E1EB26247CDF,0,False,2.0,"[2, 8]",6
470D845650704BAAB094E1EB26247CDF,1,False,-1.0,"[1, 4, 6]",0
470D845650704BAAB094E1EB26247CDF,2,False,-1.0,"[1, 6, 8]",3
480624F7D2124687AD60694DFA6D7702,0,False,1.1,[2],5
480624F7D2124687AD60694DFA6D7702,1,False,0.8,[3],0
480624F7D2124687AD60694DFA6D7702,2,False,-0.9,[1],5
4861665AFE884824AAE00FD6C4C7CA47,0,False,1.2,"[2, 7, 5]",4
4861665AFE884824AAE00FD6C4C7CA47,1,False,1.0,"[3, 6, 8]",0
4861665AFE884824AAE00FD6C4C7CA47,2,False,-1.0,"[1, 6, 4]",4
49E7237195944AEEA4F7D5ADF4715184,0,False,1.0,"[2, 8, 6]",7
49E7237195944AEEA4F7D5ADF4715184,1,False,0.0,"[2, 4]",0
49E7237195944AEEA4F7D5ADF4715184,2,False,-1.0,"[4, 6, 8]",2
4A239AC29D8C4293AF8078824E8B2037,0,True,-1.4,[1],4
4A239AC29D8C4293AF8078824E8B2037,1,False,2.0,"[2, 8]",0
4A239AC29D8C4293AF8078824E8B2037,2,True,-2.0,[0],8
4A7863BE57324155BE8747F41E336893,0,False,-0.3,[2],9
4A7863BE57324155BE8747F41E336893,1,False,1.0,"[7, 5, 2]",0
4A7863BE57324155BE8747F41E336893,2,False,-0.3,[2],2
4AAAF30F5B9349E4B8D844AD91FE0336,0,False,1.5,"[2, 7]",9
4AAAF30F5B9349E4B8D844AD91FE0336,1,False,-1.5,[0],0
4AAAF30F5B9349E4B8D844AD91FE0336,2,False,-1.7,[0],1
4AB5EBEB4D9546FA8E53F35B9BDE4D83,0,False,1.0,[2],5
4AB5EBEB4D9546FA8E53F35B9BDE4D83,1,False,1.0,[3],0
4AB5EBEB4D9546FA8E53F35B9BDE4D83,2,False,-1.0,[0],5
4C1EF4DABA5F458FA960B85F12A52A33,0,False,0.4,[3],6
4C1EF4DABA5F458FA960B85F12A52A33,1,False,0.3,[3],0
4C1EF4DABA5F458FA960B85F12A52A33,2,False,-0.2,[5],6
4C241572C44A465A8DDB0D6512E80B91,0,False,1.0,[3],3
4C241572C44A465A8DDB0D6512E80B91,1,False,1.0,[3],0
4C241572C44A465A8DDB0D6512E80B91,2,False,-1.0,"[0, 7]",6
4C6F8CAA432043F6A437E7B9A1716996,0,True,1.0,"[4, 7, 2]",4
4C6F8CAA432043F6A437E7B9A1716996,1,False,0.0,"[4, 3, 7]",0
4C6F8CAA432043F6A437E7B9A1716996,2,True,-1.0,"[0, 4, 7]",4
4C96271A73E647C3B81D31378C99597B,0,False,-0.9,[3],3
4C96271A73E647C3B81D31378C99597B,1,False,1.8,"[2, 4, 8]",0
4C96271A73E647C3B81D31378C99597B,2,False,-0.8,"[0, 5]",6
4D3C479FD6C2431C933E7BB3C0B2DDFB,0,False,2.0,[2],3
4D3C479FD6C2431C933E7BB3C0B2DDFB,1,False,0.9,"[3, 8, 6]",0
4D3C479FD6C2431C933E7BB3C0B2DDFB,2,False,-1.9,"[0, 7]",7
4E48E94501D14A318FF6D1CC407DEC30,0,False,1.0,"[2, 5]",7
4E48E94501D14A318FF6D1CC407DEC30,1,False,-1.0,"[0, 4, 8]",0
4E48E94501D14A318FF6D1CC407DEC30,2,False,1.0,"[3, 8]",4
4EBBD324A9D94BFE88B85B50F8F73234,0,True,1.9,"[2, 7]",5
4EBBD324A9D94BFE88B85B50F8F73234,1,False,0.9,"[3, 4, 8]",0
4EBBD324A9D94BFE88B85B50F8F73234,2,False,-1.0,"[1, 7]",5
4EF37E8B577D4BD789B18A511EFCCCB9,0,True,0.5,"[2, 6, 8]",5
4EF37E8B577D4BD789B18A511EFCCCB9,1,False,1.0,"[6, 8, 4]",0
4EF37E8B577D4BD789B18A511EFCCCB9,2,True,0.6,"[4, 6, 8]",6
4F666DDEF59140568082EC4FB22FF502,0,False,1.6,[2],7
4F666DDEF59140568082EC4FB22FF502,1,False,-1.0,[0],0
4F666DDEF59140568082EC4FB22FF502,2,False,0.5,[3],4
4F695EE6877D4BED83AEF0E7419CA09C,0,True,-1.0,"[1, 8]",4
4F695EE6877D4BED83AEF0E7419CA09C,1,False,1.0,[3],0
4F695EE6877D4BED83AEF0E7419CA09C,2,False,-2.0,"[7, 9, 0]",8
4FA6085628B34E2E822C71D39A43A4A1,0,False,1.8,"[2, 8, 6]",3
4FA6085628B34E2E822C71D39A43A4A1,1,False,1.0,"[3, 6, 8]",0
4FA6085628B34E2E822C71D39A43A4A1,2,False,-1.9,"[0, 7]",6
502060A98610498DBC32348A33A1EE33,0,False,0.3,"[7, 0, 5]",5
502060A98610498DBC32348A33A1EE33,1,False,1.1,"[2, 6, 8]",0
502060A98610498DBC32348A33A1EE33,2,False,-0.1,"[4, 3, 6]",6
50EE5E468C3B4717B50F92BF1AA45CDA,0,False,0.0,[3],7
50EE5E468C3B4717B50F92BF1AA45CDA,1,False,0.0,[2],0
50EE5E468C3B4717B50F92BF1AA45CDA,2,False,0.0,[0],4
51F85FF6DEAC4A17B4437C326BC61169,0,False,0.6,"[6, 8, 4]",5
51F85FF6DEAC4A17B4437C326BC61169,1,False,2.0,"[2, 4, 6]",0
51F85FF6DEAC4A17B4437C326BC61169,2,False,0.6,"[4, 6, 8]",4
52EDCECF96C9489299E8621DB659EC77,0,False,2.0,"[2, 8]",8
52EDCECF96C9489299E8621DB659EC77,1,False,-2.0,"[0, 8]",0
52EDCECF96C9489299E8621DB659EC77,2,False,-2.0,"[0, 8]",1
534A67DE7BDD460CAF4E8D786A74515A,0,True,1.8,"[2, 7]",9
534A67DE7BDD460CAF4E8D786A74515A,1,False,-1.7,"[0, 6]",0
534A67DE7BDD460CAF4E8D786A74515A,2,False,0.7,"[3, 6]",5
5384CB299B464A7CB132B9B39E0AC593,0,False,0.0,[1],3
5384CB299B464A7CB132B9B39E0AC593,1,False,0.0,[1],0
5384CB299B464A7CB132B9B39E0AC593,2,False,0.0,[1],1
53BE6A9FC3C846F58424DF7D57A99C2B,0,False,1.0,"[2, 6]",6
53BE6A9FC3C846F58424DF7D57A99C2B,1,False,0.0,[3],0
53BE6A9FC3C846F58424DF7D57A99C2B,2,False,-1.0,"[0, 6]",3
542C8FC44AB6446F92D18292E2AE4FE7,0,False,1.8,[2],7
542C8FC44AB6446F92D18292E2AE4FE7,1,False,-1.0,"[0, 1, 6]",0
542C8FC44AB6446F92D18292E2AE4FE7,2,False,-1.0,"[0, 1, 6]",2
55825F39DC91406B92596C4E47EF04B8,0,True,1.9,"[2, 5]",4
55825F39DC91406B92596C4E47EF04B8,1,False,-0.9,"[1, 4, 8]",0
55825F39DC91406B92596C4E47EF04B8,2,False,-1.9,"[0, 7]",4
55DB719652D34545A299002E7640AB91,0,False,0.9,[2],6
55DB719652D34545A299002E7640AB91,1,False,0.4,[3],0
55DB719652D34545A299002E7640AB91,2,False,0.5,[3],3
57A031CABD8141B59D165B4DD60BE95D,0,False,0.9,"[1, 0, 4]",5
57A031CABD8141B59D165B4DD60BE95D,1,False,1.5,"[0, 1, 2]",0
57A031CABD8141B59D165B4DD60BE95D,2,False,1.2,"[0, 3, 4]",6
584D291484C84636A034BA28C614B0B9,0,False,0.8,"[2, 6, 8]",2
584D291484C84636A034BA28C614B0B9,1,False,2.0,"[2, 4, 6]",0
584D291484C84636A034BA28C614B0B9,2,False,-1.6,[0],8
587C9E7D042D4F4D892DDBBA1A3E8F38,0,True,0.0,[4],4
587C9E7D042D4F4D892DDBBA1A3E8F38,1,False,0.0,"[2, 6, 4]",0
587C9E7D042D4F4D892DDBBA1A3E8F38,2,True,0.0,[4],5
589BDBD64FBF4D6788CC1F58CFC1A335,0,False,2.0,"[2, 8, 6]",7
589BDBD64FBF4D6788CC1F58CFC1A335,1,False,-2.0,"[0, 6]",0
589BDBD64FBF4D6788CC1F58CFC1A335,2,False,-2.0,"[0, 8, 6]",2
58CBADD914294AB69955A7541368516C,0,False,-1.0,[1],4
58CBADD914294AB69955A7541368516C,1,False,1.5,[2],0
58CBADD914294AB69955A7541368516C,2,False,-2.0,[0],7
58DE05E999F346AEBEBC368880619A05,0,True,1.0,"[2, 5]",7
58DE05E999F346AEBEBC368880619A05,1,False,-0.8,"[1, 4]",0
58DE05E999F346AEBEBC368880619A05,2,True,-0.8,"[1, 4]",2
5945CFBFB764415DAAC92E18C387D4EA,0,True,0.0,[2],5
5945CFBFB764415DAAC92E18C387D4EA,1,False,0.0,[4],0
5945CFBFB764415DAAC92E18C387D4EA,2,True,0.0,[5],3
59DE8D4301A94B128540F47BAF5DB6D0,0,False,2.0,"[2, 9, 7]",5
59DE8D4301A94B128540F47BAF5DB6D0,1,False,-0.9,"[0, 1, 8]",0
59DE8D4301A94B128540F47BAF5DB6D0,2,False,-1.7,"[0, 4, 7]",3
59DFFDE000CD4291AFA865AE12B3FAE8,0,False,0.5,"[3, 6, 8]",7
59DFFDE000CD4291AFA865AE12B3FAE8,1,False,-1.4,"[0, 8, 4]",0
59DFFDE000CD4291AFA865AE12B3FAE8,2,False,-1.6,"[4, 8, 0]",0
5A1913E5D6BD434896085BD0361B138B,0,False,1.6,"[2, 8, 6]",5
5A1913E5D6BD434896085BD0361B138B,1,False,0.5,"[3, 4, 6]",0
5A1913E5D6BD434896085BD0361B138B,2,False,-1.8,"[0, 7, 4]",5
5A6C1C6865074304B2AC8CD814DFA1D6,0,False,1.3,"[2, 5]",3
5A6C1C6865074304B2AC8CD814DFA1D6,1,False,0.9,"[3, 8, 6]",0
5A6C1C6865074304B2AC8CD814DFA1D6,2,False,-0.8,"[0, 7]",4
5AE7DDD064994297ABA0A90F589A8B69,0,False,1.3,[3],3
5AE7DDD064994297ABA0A90F589A8B69,1,False,0.4,[8],0
5AE7DDD064994297ABA0A90F589A8B69,2,False,-1.9,[0],5
5BBD9B3BEB024CEBB60F1462372694F0,0,False,1.0,[3],4
5BBD9B3BEB024CEBB60F1462372694F0,1,False,-2.0,[0],0
5BBD9B3BEB024CEBB60F1462372694F0,2,False,-0.9,[1],1
5BE2FD19A74B4FC5A58F81F792B31130,0,True,0.0,"[4, 5, 6]",3
5BE2FD19A74B4FC5A58F81F792B31130,1,False,0.0,"[4, 5, 6]",0
5BE2FD19A74B4FC5A58F81F792B31130,2,True,0.0,"[4, 5, 6]",6
5CE0152EBA4F4BDEAE8F49D7CC8B30E3,0,False,1.1,[2],5
5CE0152EBA4F4BDEAE8F49D7CC8B30E3,1,False,-1.6,[0],0
5CE0152EBA4F4BDEAE8F49D7CC8B30E3,2,False,-1.0,[1],4
5D1577B2E8AA40AE89F0B9B03044DA74,0,False,1.0,"[2, 7, 5]",9
5D1577B2E8AA40AE89F0B9B03044DA74,1,False,-1.0,"[0, 8, 6]",0
5D1577B2E8AA40AE89F0B9B03044DA74,2,False,-1.0,"[0, 8, 4]",2
5D65A6E3605D42CEAA8043868C787403,0,False,0.0,[4],2
5D65A6E3605D42CEAA8043868C787403,1,False,0.0,[4],0
5D65A6E3605D42CEAA8043868C787403,2,False,0.0,[4],2
5E4EA8D56D1F42E2B96A89DA33833FCA,0,False,1.2,"[2, 5]",9
5E4EA8D56D1F42E2B96A89DA33833FCA,1,False,0.7,"[4, 3]",0
5E4EA8D56D1F42E2B96A89DA33833FCA,2,False,-1.1,"[0, 6, 4]",2
5F0E1E7CAEFD40B5A4EA89F84FC5DD1D,0,True,0.0,"[4, 6]",5
5F0E1E7CAEFD40B5A4EA89F84FC5DD1D,1,False,0.0,"[2, 4]",0
5F0E1E7CAEFD40B5A4EA89F84FC5DD1D,2,True,0.0,"[6, 4]",8
5F2597959DAF4493B833C6B242550D95,0,False,1.0,"[3, 4]",7
5F2597959DAF4493B833C6B242550D95,1,False,-1.0,"[1, 6, 4]",0
5F2597959DAF4493B833C6B242550D95,2,False,-1.0,"[1, 6, 4]",0
5FA5C3EF9195444A832F0AE438613FE8,0,False,1.0,[3],6
5FA5C3EF9195444A832F0AE438613FE8,1,False,1.0,"[2, 4, 8]",0
5FA5C3EF9195444A832F0AE438613FE8,2,False,-1.0,[1],4
5FA7BB9C3C1949958EAFBD553DE5BD81,0,False,0.0,"[8, 2, 4]",1
5FA7BB9C3C1949958EAFBD553DE5BD81,1,False,2.0,"[2, 4, 6]",0
5FA7BB9C3C1949958EAFBD553DE5BD81,2,False,-1.0,"[1, 7, 9]",8
5FA8CD03C938437EA3E2AD01A3F29BBE,0,False,1.0,[2],7
5FA8CD03C938437EA3E2AD01A3F29BBE,1,False,0.0,"[4, 8, 6]",0
5FA8CD03C938437EA3E2AD01A3F29BBE,2,False,-1.0,"[0, 4, 8]",3
611A51924AB54625A816396B23C10A89,0,False,0.0,"[2, 8, 6]",5
611A51924AB54625A816396B23C10A89,1,False,0.0,"[3, 1, 4]",0
611A51924AB54625A816396B23C10A89,2,True,0.0,"[1, 8, 6]",3
6133082BF5C2429D9F9C02309668E7D9,0,False,0.7,"[5, 2]",8
6133082BF5C2429D9F9C02309668E7D9,1,False,-0.3,"[4, 6, 1]",0
6133082BF5C2429D9F9C02309668E7D9,2,False,-0.3,"[4, 6, 1]",2
6197DE6F51D744019D6A4F4322B15B17,0,False,2.0,[2],1
6197DE6F51D744019D6A4F4322B15B17,1,False,1.0,[3],0
6197DE6F51D744019D6A4F4322B15B17,2,False,-1.5,[0],8
61F14322FFF74E95BD7755E775EEF00F,0,True,1.0,[2],1
61F14322FFF74E95BD7755E775EEF00F,1,False,1.2,[2],0
61F14322FFF74E95BD7755E775EEF00F,2,True,0.9,[1],5
620A0737096A40D6B0B59EA75BBA3FB1,0,False,0.9,"[3, 7]",5
620A0737096A40D6B0B59EA75BBA3FB1,1,False,0.9,"[3, 8]",0
620A0737096A40D6B0B59EA75BBA3FB1,2,False,-0.9,"[0, 9]",5
620A28295562477C82D2C93347869C3F,0,False,1.6,"[2, 9]",8
620A28295562477C82D2C93347869C3F,1,False,-2.0,"[0, 4, 8]",0
620A28295562477C82D2C93347869C3F,2,False,-0.9,"[1, 8]",2
625E4C37BF96443290B89D5B905E4B58,0,False,0.0,"[2, 8]",4
625E4C37BF96443290B89D5B905E4B58,1,False,0.0,"[5, 8]",0
625E4C37BF96443290B89D5B905E4B58,2,False,0.0,"[0, 4]",5
6266A893F700465EA07C444F8278880A,0,False,0.9,"[3, 8, 6]",4
6266A893F700465EA07C444F8278880A,1,False,1.7,"[2, 4, 6]",0
6266A893F700465EA07C444F8278880A,2,False,-0.9,"[0, 8, 6]",8
62F502ACB89E4CE288F05BFD3BE0DABA,0,False,1.1,"[2, 6]",9
62F502ACB89E4CE288F05BFD3BE0DABA,1,False,-0.8,[1],0
62F502ACB89E4CE288F05BFD3BE0DABA,2,False,-1.4,"[0, 4, 7]",1
63CF0C437439480D86CB5EFEB770E505,0,True,1.0,"[2, 5, 8]",7
63CF0C437439480D86CB5EFEB770E505,1,False,-1.0,"[1, 4, 8]",0
63CF0C437439480D86CB5EFEB770E505,2,True,-1.0,"[1, 4, 6]",4
66A0E4EC41784817AA871B7EF998C9EA,0,False,2.0,"[2, 7]",7
66A0E4EC41784817AA871B7EF998C9EA,1,False,-1.0,"[1, 6]",0
66A0E4EC41784817AA871B7EF998C9EA,2,True,-2.0,"[0, 8]",3
66A13C4BA8E440C7AC6A56618803516B,0,True,2.0,"[7, 2]",10
66A13C4BA8E440C7AC6A56618803516B,1,False,-0.9,"[1, 4, 8]",0
66A13C4BA8E440C7AC6A56618803516B,2,True,-2.0,"[0, 4, 8]",0
66B1C81A5A3D4DF48FDD6FA831513593,0,False,0.3,"[3, 4]",6
66B1C81A5A3D4DF48FDD6FA831513593,1,False,1.0,"[3, 6]",0
66B1C81A5A3D4DF48FDD6FA831513593,2,False,-1.0,"[1, 4]",6
66D8685306B84F4AB2B3A2F1F859EE17,0,False,0.0,"[8, 5, 3]",5
66D8685306B84F4AB2B3A2F1F859EE17,1,False,0.0,"[1, 4, 6]",0
66D8685306B84F4AB2B3A2F1F859EE17,2,False,0.0,"[4, 6, 0]",2
67001BC770A1455EBD6683A741D05741,0,False,2.0,"[2, 5, 8]",10
67001BC770A1455EBD6683A741D05741,1,False,-1.7,"[0, 8, 4]",0
67001BC770A1455EBD6683A741D05741,2,False,-1.3,"[0, 4, 8]",0
673A0796D8B84C79AE44405538D57CCC,0,False,1.0,"[3, 9]",7
673A0796D8B84C79AE44405538D57CCC,1,False,-0.5,"[1, 3]",0
673A0796D8B84C79AE44405538D57CCC,2,False,-0.8,"[1, 8]",2
67550B0A8CC84323BF8A30B2D0D33B6B,0,False,-1.6,"[0, 5]",4
67550B0A8CC84323BF8A30B2D0D33B6B,1,False,-0.9,"[1, 6, 8]",0
67550B0A8CC84323BF8A30B2D0D33B6B,2,False,1.0,"[2, 5, 7]",3
67E4F319881D4A1385137B4B7688A1DC,0,False,-0.4,"[1, 6]",5
67E4F319881D4A1385137B4B7688A1DC,1,False,0.7,[3],0
67E4F319881D4A1385137B4B7688A1DC,2,False,-1.0,"[0, 7]",5
681CCE84CDC449619908CE54929B6800,0,False,0.4,"[2, 6, 8]",5
681CCE84CDC449619908CE54929B6800,1,False,0.4,"[3, 6, 8]",0
681CCE84CDC449619908CE54929B6800,2,True,0.1,"[0, 4]",6
68CE89A60F194571BD2AFD71D0E094F4,0,False,1.2,"[6, 8]",4
68CE89A60F194571BD2AFD71D0E094F4,1,False,0.7,"[3, 4, 6]",0
68CE89A60F194571BD2AFD71D0E094F4,2,False,-1.4,[7],5
68F7ECD96DB241E0B6B5D3FD1CCAAF07,0,False,0.9,"[3, 2, 9]",4
68F7ECD96DB241E0B6B5D3FD1CCAAF07,1,False,0.0,"[5, 3, 1]",0
68F7ECD96DB241E0B6B5D3FD1CCAAF07,2,False,-1.0,"[0, 5, 9]",2
69608EFBB1F54DD080BFBC1811B972D5,0,False,0.0,[0],4
69608EFBB1F54DD080BFBC1811B972D5,1,False,0.0,"[2, 4, 8]",0
69608EFBB1F54DD080BFBC1811B972D5,2,False,0.0,[0],3
6977D45C374747D3AE4F6A8EFC5CA4A2,0,False,0.0,[3],4
6977D45C374747D3AE4F6A8EFC5CA4A2,1,False,0.0,[0],0
6977D45C374747D3AE4F6A8EFC5CA4A2,2,True,0.0,[0],1
69EF627706AB4EDD8A60298BB67C21DD,0,False,1.0,"[3, 8]",4
69EF627706AB4EDD8A60298BB67C21DD,1,False,-0.1,"[8, 6, 4]",0
69EF627706AB4EDD8A60298BB67C21DD,2,False,-1.9,"[6, 0, 8]",6
6B33C48D993643C3B55C8900306D52EE,0,False,-1.0,[8],7
6B33C48D993643C3B55C8900306D52EE,1,False,0.9,"[2, 8]",0
6B33C48D993643C3B55C8900306D52EE,2,False,-1.0,[8],3
6BA2BF7D433D41279024B65219AE7F45,0,False,0.0,[1],3
6BA2BF7D433D41279024B65219AE7F45,1,False,-1.0,[1],0
6BA2BF7D433D41279024B65219AE7F45,2,False,0.0,[2],5
6BC32F1FA1A54DF6BD812888AB6D2B42,0,True,0.0,"[8, 6, 4]",5
6BC32F1FA1A54DF6BD812888AB6D2B42,1,False,0.0,"[6, 8, 4]",0
6BC32F1FA1A54DF6BD812888AB6D2B42,2,True,1.0,"[8, 6, 4]",4
6C11358E34F64DC78F4AA64210234CE2,0,True,2.0,[2],8
6C11358E34F64DC78F4AA64210234CE2,1,False,-0.3,"[4, 6, 8]",0
6C11358E34F64DC78F4AA64210234CE2,2,False,0.0,"[1, 4, 6]",2
6C4705349C04430BA532B3A0C3078C85,0,False,1.0,"[2, 6]",5
6C4705349C04430BA532B3A0C3078C85,1,False,1.0,"[2, 4, 6]",0
6C4705349C04430BA532B3A0C3078C85,2,False,-1.4,"[0, 7]",5
6C8AE48A3C5C4523ABD85D19E8DC00E1,0,False,0.5,[3],5
6C8AE48A3C5C4523ABD85D19E8DC00E1,1,False,-1.2,[1],0
6C8AE48A3C5C4523ABD85D19E8DC00E1,2,False,-1.7,[0],2
6C9C5DE26A6447B98260526F6653FAC2,0,False,1.0,"[3, 8]",2
6C9C5DE26A6447B98260526F6653FAC2,1,False,2.0,"[2, 4, 8]",0
6C9C5DE26A6447B98260526F6653FAC2,2,False,-0.8,"[1, 5]",6
6D065B2BD20D417B974A06D759CAD692,0,False,1.0,[3],5
6D065B2BD20D417B974A06D759CAD692,1,False,1.4,[2],0
6D065B2BD20D417B974A06D759CAD692,2,False,0.5,"[3, 7]",4
6D59AEF3170941BE9DEBA43C2BBE731F,0,False,2.0,[2],9
6D59AEF3170941BE9DEBA43C2BBE731F,1,False,-2.0,[0],0
6D59AEF3170941BE9DEBA43C2BBE731F,2,False,-1.8,[0],1
6D70ABE3D01C4FB08D6288E808624947,0,False,-0.5,"[1, 8]",2
6D70ABE3D01C4FB08D6288E808624947,1,False,2.0,"[4, 2]",0
6D70ABE3D01C4FB08D6288E808624947,2,False,-2.0,"[0, 7]",8
6E33511650414D8D89EB66E55518885F,0,False,-0.5,[3],5
6E33511650414D8D89EB66E55518885F,1,False,1.0,"[3, 8, 6]",0
6E33511650414D8D89EB66E55518885F,2,False,0.7,[6],7
6E6A1EB568C24300A1102A42A10E307E,0,False,-1.0,"[8, 3, 6]",5
6E6A1EB568C24300A1102A42A10E307E,1,False,1.0,"[8, 3, 4]",0
6E6A1EB568C24300A1102A42A10E307E,2,False,1.0,"[8, 1, 6]",3
6EE52562390F4564BA965E2054A24FD5,0,True,-0.4,[1],7
6EE52562390F4564BA965E2054A24FD5,1,False,-0.4,[1],0
6EE52562390F4564BA965E2054A24FD5,2,True,-0.3,[1],3
6F706F2595B047AFA630CB2893B7D955,0,False,2.0,"[2, 9, 7]",10
6F706F2595B047AFA630CB2893B7D955,1,False,-2.0,"[0, 4, 8]",0
6F706F2595B047AFA630CB2893B7D955,2,False,-0.6,"[1, 8]",0
6F75D8B9C091457AB35203CFF4BE2103,0,True,1.0,[3],6
6F75D8B9C091457AB35203CFF4BE2103,1,False,-1.0,"[1, 8]",0
6F75D8B9C091457AB35203CFF4BE2103,2,True,-1.5,[0],4
6FEC1EFD6B414FC3B191474CA3590601,0,True,1.7,"[2, 6]",2
6FEC1EFD6B414FC3B191474CA3590601,1,False,1.5,"[2, 6, 8]",0
6FEC1EFD6B414FC3B191474CA3590601,2,True,-1.3,"[0, 6]",6
704649DC3E254F468E9C24763DC05289,0,True,1.0,"[2, 8]",8
704649DC3E254F468E9C24763DC05289,1,False,-2.0,"[0, 6, 8]",0
704649DC3E254F468E9C24763DC05289,2,True,-1.0,"[1, 6, 8]",3
70F3D9DA4AF24E9399E9FE527269566C,0,True,2.0,"[2, 6, 7]",4
70F3D9DA4AF24E9399E9FE527269566C,1,False,2.0,"[2, 6, 8]",0
70F3D9DA4AF24E9399E9FE527269566C,2,False,-2.0,"[0, 7, 4]",6
71619BDA0F3443A29FCB416F67FD0F9A,0,False,0.0,"[2, 4, 6]",6
71619BDA0F3443A29FCB416F67FD0F9A,1,False,-2.0,"[0, 4, 5]",0
71619BDA0F3443A29FCB416F67FD0F9A,2,False,-1.0,"[0, 4, 8]",4
71C8017B80184BCDB107ED06E309F395,0,False,2.0,"[2, 9]",6
71C8017B80184BCDB107ED06E309F395,1,False,-0.5,"[1, 3, 5]",0
71C8017B80184BCDB107ED06E309F395,2,False,-2.0,"[0, 7]",3
727E90A6EC6A4C15B528D4E11CCB044B,0,True,-2.0,[0],5
727E90A6EC6A4C15B528D4E11CCB044B,1,False,2.0,[2],0
727E90A6EC6A4C15B528D4E11CCB044B,2,True,-2.0,[0],7
72C0AC763269475093B48A6679BA44CA,0,False,-0.3,[1],2
72C0AC763269475093B48A6679BA44CA,1,False,0.0,[3],0
72C0AC763269475093B48A6679BA44CA,2,False,0.3,[2],5
72FA9C6241E348578734E2AA95DE8595,0,False,0.6,[3],7
72FA9C6241E348578734E2AA95DE8595,1,False,-1.7,"[0, 4, 6]",0
72FA9C6241E348578734E2AA95DE8595,2,False,-0.5,"[1, 4]",1
7307A1E362F14E40A5F933110F9EA6CA,0,False,-1.0,"[8, 6, 4]",3
7307A1E362F14E40A5F933110F9EA6CA,1,False,-1.0,"[8, 0, 4]",0
7307A1E362F14E40A5F933110F9EA6CA,2,True,2.0,"[9, 7, 2]",7
730CE4D91629454DB641CBE232853848,0,True,0.0,"[2, 8]",4
730CE4D91629454DB641CBE232853848,1,False,0.0,"[1, 3, 8]",0
730CE4D91629454DB641CBE232853848,2,True,0.0,"[1, 8]",2
7532B55D6F034D6D8F15CC1B4200F0F3,0,False,0.0,"[3, 2, 9]",7
7532B55D6F034D6D8F15CC1B4200F0F3,1,False,0.0,"[0, 4, 6]",0
7532B55D6F034D6D8F15CC1B4200F0F3,2,False,0.0,"[1, 4, 8]",4
75ACA6EF88884863B7D3EA2AB6B01375,0,False,1.0,[2],3
75ACA6EF88884863B7D3EA2AB6B01375,1,False,0.0,[5],0
75ACA6EF88884863B7D3EA2AB6B01375,2,False,-0.8,[5],6
75AFFF18D0E546D8B36069CC2A739872,0,False,1.8,"[2, 8, 5]",7
75AFFF18D0E546D8B36069CC2A739872,1,False,0.0,"[3, 4, 8]",0
75AFFF18D0E546D8B36069CC2A739872,2,False,-1.0,"[0, 4, 8]",3
76EFC9FB74444AB2ACBAEFAF5D3C1E9B,0,False,0.2,[7],3
76EFC9FB74444AB2ACBAEFAF5D3C1E9B,1,False,2.0,"[2, 6, 8]",0
76EFC9FB74444AB2ACBAEFAF5D3C1E9B,2,False,-1.1,[1],6
76EFF0A69FC445838D25D3F86BB25E44,0,False,1.7,"[2, 8, 6]",3
76EFF0A69FC445838D25D3F86BB25E44,1,False,1.3,"[4, 2, 6]",0
76EFF0A69FC445838D25D3F86BB25E44,2,False,-1.9,"[0, 7, 9]",7
773C255497DB4256A531A27267DE43FB,0,False,1.0,"[3, 9]",3
773C255497DB4256A531A27267DE43FB,1,False,-1.0,"[8, 4, 1]",0
773C255497DB4256A531A27267DE43FB,2,False,-0.8,"[1, 7]",2
775DE4F3152F4B8E9FB387362F346429,0,True,1.2,[2],5
775DE4F3152F4B8E9FB387362F346429,1,False,-0.7,[1],0
775DE4F3152F4B8E9FB387362F346429,2,True,-1.5,[0],2
776435FD31304C318DE896E0657127C2,0,True,0.0,"[1, 8]",4
776435FD31304C318DE896E0657127C2,1,False,0.0,"[2, 4, 6]",0
776435FD31304C318DE896E0657127C2,2,False,0.0,"[0, 5, 7]",6
778279C1A1554E5CA09D5A0A9FC6E111,0,False,0.5,"[3, 6, 4]",4
778279C1A1554E5CA09D5A0A9FC6E111,1,False,-0.5,"[1, 8, 4]",0
778279C1A1554E5CA09D5A0A9FC6E111,2,False,-1.0,"[0, 8, 4]",4
779F41AB59084F58A77A2E818CAE8E8F,0,True,0.0,"[2, 7, 5]",4
779F41AB59084F58A77A2E818CAE8E8F,1,False,-1.0,"[1, 4, 6]",0
779F41AB59084F58A77A2E818CAE8E8F,2,False,1.0,"[0, 8, 7]",4
784CA405D45945F38F6A3EE01B3F18AB,0,False,0.0,"[2, 8, 6]",7
784CA405D45945F38F6A3EE01B3F18AB,1,False,0.0,"[8, 6, 4]",0
784CA405D45945F38F6A3EE01B3F18AB,2,False,0.0,"[0, 8, 6]",1
78DA92FA4C564B1BB1289A81275C7104,0,True,0.9,"[2, 8]",4
78DA92FA4C564B1BB1289A81275C7104,1,False,0.9,"[8, 2]",0
78DA92FA4C564B1BB1289A81275C7104,2,True,-1.0,[1],5
78FD894141054618B6197AF23C6AF2EC,0,True,0.0,"[2, 6]",6
78FD894141054618B6197AF23C6AF2EC,1,False,0.0,"[1, 3, 6]",0
78FD894141054618B6197AF23C6AF2EC,2,True,0.0,[0],4
7924E5B4A3934D72ACBCF2676CF4678B,0,False,0.6,[3],5
7924E5B4A3934D72ACBCF2676CF4678B,1,False,2.0,"[2, 6]",0
7924E5B4A3934D72ACBCF2676CF4678B,2,True,-2.0,"[7, 0, 9]",10
79CBC94796BB41D39D751793A66AED83,0,False,0.8,[8],5
79CBC94796BB41D39D751793A66AED83,1,False,1.1,[3],0
79CBC94796BB41D39D751793A66AED83,2,False,-0.8,"[4, 6]",6
7A4AB7761A2D4561AA0515A3405CF3E8,0,True,2.0,"[9, 7, 2]",8
7A4AB7761A2D4561AA0515A3405CF3E8,1,False,-0.5,"[1, 8]",0
7A4AB7761A2D4561AA0515A3405CF3E8,2,False,-1.9,"[8, 0]",0
7A7B8914FACC4A64A4020D191D1DA3E4,0,False,-2.0,"[0, 5, 9]",4
7A7B8914FACC4A64A4020D191D1DA3E4,1,False,-0.4,"[2, 4, 8]",0
7A7B8914FACC4A64A4020D191D1DA3E4,2,False,2.0,"[3, 6, 8]",6
7A86A53CB04B4A4D99DDF2670A5A822B,0,False,1.5,[2],5
7A86A53CB04B4A4D99DDF2670A5A822B,1,False,-1.0,[1],0
7A86A53CB04B4A4D99DDF2670A5A822B,2,False,-1.6,[0],3
7AA5D7F9AF35472E837F786C28F0AE01,0,False,2.0,"[8, 2, 6]",4
7AA5D7F9AF35472E837F786C28F0AE01,1,False,2.0,"[8, 2, 6]",0
7AA5D7F9AF35472E837F786C28F0AE01,2,False,-2.0,"[8, 4, 0]",6
7AD2281E53434F05AB9B915D29D9883A,0,False,1.5,[2],7
7AD2281E53434F05AB9B915D29D9883A,1,False,-1.0,"[1, 4, 8]",0
7AD2281E53434F05AB9B915D29D9883A,2,False,-1.0,"[1, 4, 8]",2
7ADA866FE462485AB338CB2D870F0FD3,0,True,1.0,"[8, 3, 6]",3
7ADA866FE462485AB338CB2D870F0FD3,1,False,1.0,"[3, 6, 4]",0
7ADA866FE462485AB338CB2D870F0FD3,2,True,-1.4,"[0, 6, 7]",5
7B12DD735FFA4B91953655F4C987371B,0,False,2.0,"[2, 7]",6
7B12DD735FFA4B91953655F4C987371B,1,False,-1.5,"[1, 4]",0
7B12DD735FFA4B91953655F4C987371B,2,False,-0.9,"[6, 1, 8]",2
7B18305834694FFAA1CA319D23E87B25,0,True,1.2,"[0, 4]",5
7B18305834694FFAA1CA319D23E87B25,1,False,-1.4,"[8, 0, 4]",0
7B18305834694FFAA1CA319D23E87B25,2,False,-0.6,"[2, 9]",2
7B455B9CF1E245439F592B564E34F8F5,0,True,1.4,"[7, 9, 2]",6
7B455B9CF1E245439F592B564E34F8F5,1,False,-1.3,"[0, 4, 6]",0
7B455B9CF1E245439F592B564E34F8F5,2,False,0.7,"[3, 5, 9]",4
7C265F1A2EA549C5998E71602D5561E3,0,True,0.0,"[3, 4, 8]",3
7C265F1A2EA549C5998E71602D5561E3,1,False,2.0,"[2, 4, 8]",0
7C265F1A2EA549C5998E71602D5561E3,2,True,-2.0,"[0, 4, 8]",5
7C73BCCB934B41D2946600A2B090746F,0,False,0.0,"[2, 9]",5
7C73BCCB934B41D2946600A2B090746F,1,False,-2.0,[4],0
7C73BCCB934B41D2946600A2B090746F,2,False,2.0,"[0, 7]",2
7C998485827347399AD3E184F7F114E7,0,False,0.0,[2],4
7C998485827347399AD3E184F7F114E7,1,False,1.7,[2],0
7C998485827347399AD3E184F7F114E7,2,False,0.5,[0],6
7E74F3ABE16043919266C1F070564D97,0,False,0.0,"[2, 7]",7
7E74F3ABE16043919266C1F070564D97,1,False,0.0,[0],0
7E74F3ABE16043919266C1F070564D97,2,False,0.0,[0],1
7EEDCA69773649809EE88FA909C4F973,0,False,1.0,"[3, 6, 8]",3
7EEDCA69773649809EE88FA909C4F973,1,False,2.0,"[2, 6, 8]",0
7EEDCA69773649809EE88FA909C4F973,2,True,-2.0,"[0, 7, 9]",8
7FE57D69C1494880853DE2F113880788,0,False,1.5,"[2, 6]",5
7FE57D69C1494880853DE2F113880788,1,False,1.0,"[3, 4]",0
7FE57D69C1494880853DE2F113880788,2,False,-1.0,[0],5
803A8445472145DBBB9C0F01E53CDF51,0,False,0.8,[3],4
803A8445472145DBBB9C0F01E53CDF51,1,False,0.9,[3],0
803A8445472145DBBB9C0F01E53CDF51,2,False,-0.9,[1],6
80B46D6DFD4040AC85642BA950218BC1,0,True,2.0,"[2, 5, 7]",3
80B46D6DFD4040AC85642BA950218BC1,1,False,1.0,"[3, 6, 8]",0
80B46D6DFD4040AC85642BA950218BC1,2,True,-1.0,"[0, 8, 4]",4
80D0037AD266411BB9DA0A821669793A,0,False,-1.0,"[2, 3, 4]",3
80D0037AD266411BB9DA0A821669793A,1,False,0.0,"[6, 4, 8]",0
80D0037AD266411BB9DA0A821669793A,2,False,-2.0,"[1, 0, 4]",5
8143DFE6B5C64739A3FD3BAF963163D5,0,False,0.6,"[3, 6]",4
8143DFE6B5C64739A3FD3BAF963163D5,1,False,0.0,"[2, 6]",0
8143DFE6B5C64739A3FD3BAF963163D5,2,False,-0.6,"[1, 7]",5
8175B21300A54FF3978ECD6D50130295,0,False,1.1,"[7, 3]",4
8175B21300A54FF3978ECD6D50130295,1,False,0.4,"[6, 3]",0
8175B21300A54FF3978ECD6D50130295,2,False,-1.7,"[7, 0]",4
822C484D8293437A90B9C3C1083DAA4C,0,False,1.3,[3],6
822C484D8293437A90B9C3C1083DAA4C,1,False,1.0,[3],0
822C484D8293437A90B9C3C1083DAA4C,2,False,-1.6,[0],6
83B587BAAE37457B9270039C5DE7FD48,0,True,1.7,[2],8
83B587BAAE37457B9270039C5DE7FD48,1,False,-2.0,[0],0
83B587BAAE37457B9270039C5DE7FD48,2,True,0.0,"[1, 3]",4
84EF3A4660034354B098DECA683C4357,0,False,-0.9,[0],6
84EF3A4660034354B098DECA683C4357,1,False,0.0,[5],0
84EF3A4660034354B098DECA683C4357,2,False,1.0,[3],2
852E88BD323C47909556DE967C1B704C,0,False,1.0,[3],6
852E88BD323C47909556DE967C1B704C,1,False,-0.9,"[4, 6]",0
852E88BD323C47909556DE967C1B704C,2,False,-2.0,"[0, 4]",1
8531C4436D594873B71C6D500167440C,0,False,2.0,"[7, 2, 9]",8
8531C4436D594873B71C6D500167440C,1,False,-2.0,"[0, 8, 6]",0
8531C4436D594873B71C6D500167440C,2,False,-1.0,"[1, 4, 8]",5
85374D92778B4B34B277FBE257197CFD,0,True,1.5,[2],7
85374D92778B4B34B277FBE257197CFD,1,False,-1.3,[0],0
85374D92778B4B34B277FBE257197CFD,2,True,-1.3,[0],1
8598208A9C454A6393CC0777FB32C48C,0,True,0.0,[3],4
8598208A9C454A6393CC0777FB32C48C,1,False,0.0,[2],0
8598208A9C454A6393CC0777FB32C48C,2,True,0.0,[5],6
8629D06659DE40C28BECB6CC28781A86,0,False,1.0,[3],5
8629D06659DE40C28BECB6CC28781A86,1,False,1.6,[2],0
8629D06659DE40C28BECB6CC28781A86,2,False,-1.6,[0],7
864F4853729744E0917DE47F7B9C1C25,0,False,0.9,"[3, 5]",4
864F4853729744E0917DE47F7B9C1C25,1,False,-0.8,"[1, 4, 6]",0
864F4853729744E0917DE47F7B9C1C25,2,False,-1.3,"[1, 0]",1
86B55BC8EA864172B417A87979C810FE,0,False,-0.9,"[1, 6, 8]",4
86B55BC8EA864172B417A87979C810FE,1,False,-0.9,"[1, 4, 8]",0
86B55BC8EA864172B417A87979C810FE,2,False,1.0,"[3, 4, 8]",4
86C58ECDD9BC4AE181C1CF752595B51B,0,False,1.8,"[2, 8, 6]",5
86C58ECDD9BC4AE181C1CF752595B51B,1,False,1.2,"[3, 4, 8]",0
86C58ECDD9BC4AE181C1CF752595B51B,2,True,-1.6,"[0, 4, 8]",5
870FB7B0CA73406EA65982559BC7ACB4,0,True,1.0,[3],6
870FB7B0CA73406EA65982559BC7ACB4,1,False,-1.0,[1],0
870FB7B0CA73406EA65982559BC7ACB4,2,True,-2.0,[0],3
8715D96012A0464C81700327F65BDC00,0,True,1.3,"[2, 7]",7
8715D96012A0464C81700327F65BDC00,1,False,-1.4,"[0, 6]",0
8715D96012A0464C81700327F65BDC00,2,False,0.4,"[1, 8]",2
876956F4790C484DB4CF605890BE8F0E,0,False,1.6,[2],5
876956F4790C484DB4CF605890BE8F0E,1,False,0.0,"[3, 1]",0
876956F4790C484DB4CF605890BE8F0E,2,False,-0.8,[1],4
87892FE4AFB94BE49E3FB5095F4111CC,0,False,1.5,[2],3
87892FE4AFB94BE49E3FB5095F4111CC,1,False,-0.4,"[1, 8]",0
87892FE4AFB94BE49E3FB5095F4111CC,2,False,-1.4,"[1, 7]",5
879FDE97E94C47BA961E621945D00BE4,0,True,2.0,"[5, 2]",9
879FDE97E94C47BA961E621945D00BE4,1,False,0.0,"[1, 4, 8]",0
879FDE97E94C47BA961E621945D00BE4,2,False,1.0,"[4, 3, 7]",4
8813BD7505A44470BB0C72E90C720D7E,0,True,1.8,[2],8
8813BD7505A44470BB0C72E90C720D7E,1,False,-1.0,"[1, 4, 8]",0
8813BD7505A44470BB0C72E90C720D7E,2,True,-2.0,[0],3
881FF040B4174030807D85B412C3F55A,0,True,0.0,"[3, 6, 8]",3
881FF040B4174030807D85B412C3F55A,1,False,0.7,"[2, 6, 8]",0
881FF040B4174030807D85B412C3F55A,2,True,0.0,"[1, 6, 8]",5
888FFCD1E2F94F769E7A78875AD7097E,0,True,1.6,[2],9
888FFCD1E2F94F769E7A78875AD7097E,1,False,-1.5,"[0, 4]",0
888FFCD1E2F94F769E7A78875AD7097E,2,True,-1.7,"[0, 6]",0
88C5DAD75FE14543B266C83E75A5CB17,0,False,0.7,"[5, 3]",8
88C5DAD75FE14543B266C83E75A5CB17,1,False,-0.5,"[1, 4]",0
88C5DAD75FE14543B266C83E75A5CB17,2,False,-0.8,"[1, 4]",3
892C45D9A40D4A1CA8A82C940734B48F,0,True,0.8,"[1, 4, 6]",5
892C45D9A40D4A1CA8A82C940734B48F,1,False,2.0,"[2, 4, 6]",0
892C45D9A40D4A1CA8A82C940734B48F,2,False,2.0,"[2, 4, 6]",4
8956002BB45846F48239770F19468A5F,0,True,-1.0,[0],6
8956002BB45846F48239770F19468A5F,1,False,2.0,[2],0
8956002BB45846F48239770F19468A5F,2,False,-1.0,[0],6
8A403239C134401A9089337312DDD1B5,0,True,1.7,"[2, 6]",6
8A403239C134401A9089337312DDD1B5,1,False,0.9,"[2, 3, 6]",0
8A403239C134401A9089337312DDD1B5,2,False,-1.3,"[0, 4]",3
8A64CAD4AB234BAD9A98CBC800254DAB,0,False,0.6,"[3, 5]",6
8A64CAD4AB234BAD9A98CBC800254DAB,1,False,-1.3,[1],0
8A64CAD4AB234BAD9A98CBC800254DAB,2,True,-1.0,"[0, 4]",1
8A7803DC27D84078A2E22EAF8DA04494,0,False,2.0,"[2, 7]",9
8A7803DC27D84078A2E22EAF8DA04494,1,False,-1.0,[0],0
8A7803DC27D84078A2E22EAF8DA04494,2,False,-1.0,[1],3
8AFE02FAA97E461FBCEC275F013ECD97,0,False,0.0,[3],5
8AFE02FAA97E461FBCEC275F013ECD97,1,False,0.0,"[0, 8]",0
8AFE02FAA97E461FBCEC275F013ECD97,2,False,0.0,[1],2
8B1B96D3FFE845228F5F2ECD12214EB4,0,False,1.0,"[2, 6]",3
8B1B96D3FFE845228F5F2ECD12214EB4,1,False,0.0,"[3, 1]",0
8B1B96D3FFE845228F5F2ECD12214EB4,2,False,-0.8,"[1, 4]",6
8C79F1BB0483431EAB195C8EE5B76DC9,0,True,-0.5,"[1, 5]",5
8C79F1BB0483431EAB195C8EE5B76DC9,1,False,0.0,[5],0
8C79F1BB0483431EAB195C8EE5B76DC9,2,False,-0.2,"[1, 5]",4
8CF5E64580B947019FC5D31BA9F133BA,0,True,0.0,"[2, 9, 3]",8
8CF5E64580B947019FC5D31BA9F133BA,1,False,0.0,"[0, 4, 6]",0
8CF5E64580B947019FC5D31BA9F133BA,2,True,0.0,"[0, 1, 6]",3
8D1CEF75B78340248BC4890B0C6A5E2A,0,True,1.8,[2],4
8D1CEF75B78340248BC4890B0C6A5E2A,1,False,1.9,"[2, 4]",0
8D1CEF75B78340248BC4890B0C6A5E2A,2,True,-2.0,[0],7
8D425260E2D7462E839728BA4B0EC1D4,0,False,0.0,"[2, 7, 5]",9
8D425260E2D7462E839728BA4B0EC1D4,1,False,0.0,"[0, 4, 6]",0
8D425260E2D7462E839728BA4B0EC1D4,2,False,0.0,"[0, 4, 6]",1
8E1435916D7244DF8553E028E58C1F9B,0,False,1.2,"[2, 6, 8]",5
8E1435916D7244DF8553E028E58C1F9B,1,False,1.4,"[2, 8]",0
8E1435916D7244DF8553E028E58C1F9B,2,False,-1.6,"[0, 7]",5
8E64D0D211FE4C73817E2854AFC6B4B1,0,True,0.0,"[3, 8]",7
8E64D0D211FE4C73817E2854AFC6B4B1,1,False,0.0,"[1, 6, 8]",0
8E64D0D211FE4C73817E2854AFC6B4B1,2,False,0.0,"[6, 1, 8]",2
8E8EF0EC9F264A9FBE87F6A2D7EF0ACD,0,False,0.0,"[3, 4, 8]",4
8E8EF0EC9F264A9FBE87F6A2D7EF0ACD,1,False,0.0,"[1, 4, 8]",0
8E8EF0EC9F264A9FBE87F6A2D7EF0ACD,2,False,0.0,"[0, 4, 8]",1
8F3CCD4D2C5C46F19799E4F9C300AD39,0,False,0.0,"[5, 0, 9]",7
8F3CCD4D2C5C46F19799E4F9C300AD39,1,False,0.0,"[2, 8, 4]",0
8F3CCD4D2C5C46F19799E4F9C300AD39,2,False,0.0,"[1, 3, 4]",4
8FE63FB63C3340349463FAD18CAE744C,0,True,0.0,"[2, 9, 7]",4
8FE63FB63C3340349463FAD18CAE744C,1,False,0.0,"[1, 8, 6]",0
8FE63FB63C3340349463FAD18CAE744C,2,False,0.0,"[0, 8, 6]",0
90166B44BEAA4C04B4E114EF5450FB7B,0,False,1.0,"[2, 6]",3
90166B44BEAA4C04B4E114EF5450FB7B,1,False,0.5,"[2, 6, 4]",0
90166B44BEAA4C04B4E114EF5450FB7B,2,False,-0.4,"[0, 7]",7
9066F851112143929A079A384A50DF56,0,False,2.0,[2],9
9066F851112143929A079A384A50DF56,1,False,-1.4,[0],0
9066F851112143929A079A384A50DF56,2,False,-1.4,[0],1
90931E4F271F4C6595C170BDD2D51619,0,False,0.0,[2],5
90931E4F271F4C6595C170BDD2D51619,1,False,0.0,[3],0
90931E4F271F4C6595C170BDD2D51619,2,False,0.0,[0],3
91C0FA8E9A5046EE8D508A930C2E5552,0,False,2.0,[2],5
91C0FA8E9A5046EE8D508A930C2E5552,1,False,-1.0,[1],0
91C0FA8E9A5046EE8D508A930C2E5552,2,False,-2.0,[0],4
91DA96811283489085063DBB1A99D6CA,0,False,2.0,[2],5
91DA96811283489085063DBB1A99D6CA,1,False,1.0,[3],0
91DA96811283489085063DBB1A99D6CA,2,False,-1.0,[0],5
92DB030D4C3D4663AC3752B4270D808B,0,True,0.5,"[3, 4]",2
92DB030D4C3D4663AC3752B4270D808B,1,False,1.0,"[3, 6]",0
92DB030D4C3D4663AC3752B4270D808B,2,True,-0.9,"[1, 6]",4
92F937DB19A54C2BB3E3D63B74972ADC,0,False,2.0,"[2, 4]",3
92F937DB19A54C2BB3E3D63B74972ADC,1,False,1.0,"[3, 4, 6]",0
92F937DB19A54C2BB3E3D63B74972ADC,2,False,-1.0,"[7, 4, 1]",3
933B0BF5947B47318D61274487918645,0,True,0.0,"[8, 4]",5
933B0BF5947B47318D61274487918645,1,False,0.0,"[8, 1, 4]",0
933B0BF5947B47318D61274487918645,2,True,0.0,"[8, 1, 4]",5
93E1E3651A4F458F9625A7D70FF07689,0,False,1.6,[2],6
93E1E3651A4F458F9625A7D70FF07689,1,False,1.6,[2],0
93E1E3651A4F458F9625A7D70FF07689,2,False,-1.0,[0],6
9404FA0A816C42A8A1E9DD4FD0AD497C,0,False,0.9,[3],4
9404FA0A816C42A8A1E9DD4FD0AD497C,1,False,-1.6,"[1, 8]",0
9404FA0A816C42A8A1E9DD4FD0AD497C,2,False,-0.9,[1],5
9408DCC26487449C837F24FFAB62628C,0,False,2.0,"[3, 2, 8]",4
9408DCC26487449C837F24FFAB62628C,1,False,0.4,"[3, 6, 8]",0
9408DCC26487449C837F24FFAB62628C,2,False,-2.0,"[0, 4, 7]",6
940C4A3338204818BC43895D914D9D1C,0,True,0.0,[2],8
940C4A3338204818BC43895D914D9D1C,1,False,0.0,[0],0
940C4A3338204818BC43895D914D9D1C,2,True,0.0,[0],1
94544A63C0E34D93BD1CA885C0D0D0A1,0,True,1.0,"[6, 8, 2]",3
94544A63C0E34D93BD1CA885C0D0D0A1,1,False,1.8,"[2, 6, 8]",0
94544A63C0E34D93BD1CA885C0D0D0A1,2,True,-2.0,"[0, 7]",8
953F0E88A63E4974A796294BE1B9228C,0,False,1.3,"[2, 3]",4
953F0E88A63E4974A796294BE1B9228C,1,False,2.0,[2],0
953F0E88A63E4974A796294BE1B9228C,2,False,-1.9,[0],8
9542EAD3CA434146BEE2D324017222DB,0,True,1.0,"[2, 3]",8
9542EAD3CA434146BEE2D324017222DB,1,False,0.1,[1],0
9542EAD3CA434146BEE2D324017222DB,2,True,-1.0,"[1, 0]",1
9583FC9A38C34FDCB2D040E0D728A6E3,0,False,-2.0,"[7, 9, 0]",4
9583FC9A38C34FDCB2D040E0D728A6E3,1,False,1.0,"[2, 4, 6]",0
9583FC9A38C34FDCB2D040E0D728A6E3,2,False,0.0,"[6, 9, 7]",5
95F4CA32339242059670CE56F6865B44,0,False,1.0,"[2, 7]",8
95F4CA32339242059670CE56F6865B44,1,False,-2.0,"[0, 8, 4]",0
95F4CA32339242059670CE56F6865B44,2,False,-1.0,"[0, 4]",1
9699036197734B979386DB4245EA24CA,0,False,1.6,[2],5
9699036197734B979386DB4245EA24CA,1,False,0.0,"[5, 4, 8]",0
9699036197734B979386DB4245EA24CA,2,False,-1.5,[0],3
96E0428F791446259CCE751AC40DDE95,0,True,-0.5,"[3, 6]",3
96E0428F791446259CCE751AC40DDE95,1,False,0.0,"[3, 4, 5]",0
96E0428F791446259CCE751AC40DDE95,2,True,0.8,"[3, 4, 6]",4
97623D3D59C14EE687521A5CBDB18F25,0,False,0.3,[2],5
97623D3D59C14EE687521A5CBDB18F25,1,False,-0.2,[4],0
97623D3D59C14EE687521A5CBDB18F25,2,False,-0.5,[0],3
97725CCC05DC4F978825D45FB3EB168C,0,False,1.0,"[3, 6, 8]",0
97725CCC05DC4F978825D45FB3EB168C,1,False,1.0,"[3, 6, 8]",0
97725CCC05DC4F978825D45FB3EB168C,2,False,-1.0,"[1, 7, 9]",6
9826239ED3974F9FAC6D48584FA3FE1F,0,False,0.3,[3],2
9826239ED3974F9FAC6D48584FA3FE1F,1,False,1.2,"[2, 8]",0
9826239ED3974F9FAC6D48584FA3FE1F,2,False,-0.8,"[0, 7]",8
98DF5A0918D447E1A70E369608474F45,0,False,0.0,"[1, 4, 3]",8
98DF5A0918D447E1A70E369608474F45,1,False,-1.0,"[0, 4, 6]",0
98DF5A0918D447E1A70E369608474F45,2,False,0.0,"[3, 1, 6]",3
9934667B8A0B44CB852BD9F3F9A4B353,0,True,0.0,[5],4
9934667B8A0B44CB852BD9F3F9A4B353,1,False,0.0,[2],0
9934667B8A0B44CB852BD9F3F9A4B353,2,True,0.0,[1],4
996EC505B93C4829BF22C01ABC94A238,0,False,-0.1,"[1, 3, 8]",4
996EC505B93C4829BF22C01ABC94A238,1,False,-1.1,"[1, 4, 8]",0
996EC505B93C4829BF22C01ABC94A238,2,False,-1.3,"[8, 0, 4]",1
9974EED0BEB04AFBAB14AE13A3EE1269,0,False,1.0,"[2, 8]",7
9974EED0BEB04AFBAB14AE13A3EE1269,1,False,-1.0,"[0, 8]",0
9974EED0BEB04AFBAB14AE13A3EE1269,2,True,-1.0,"[0, 8]",0
997DEAA56BED4CD6B4C52F894490AA7C,0,False,1.9,"[2, 7, 5]",7
997DEAA56BED4CD6B4C52F894490AA7C,1,False,0.4,"[3, 6, 8]",0
997DEAA56BED4CD6B4C52F894490AA7C,2,False,-1.9,"[0, 4, 7]",1
9A295151D51149AEAC48FDD3DA0467FD,0,True,2.0,[2],8
9A295151D51149AEAC48FDD3DA0467FD,1,False,-2.0,[0],0
9A295151D51149AEAC48FDD3DA0467FD,2,True,-2.0,[0],1
9A82328475E24C54A10FD4B7DCD01292,0,False,1.4,"[1, 4, 8]",3
9A82328475E24C54A10FD4B7DCD01292,1,False,1.0,"[3, 8, 6]",0
9A82328475E24C54A10FD4B7DCD01292,2,False,1.4,"[3, 4, 8]",2
9B05F5E319744E33BD713B4999F7CEAA,0,True,0.3,[3],4
9B05F5E319744E33BD713B4999F7CEAA,1,False,2.0,[8],0
9B05F5E319744E33BD713B4999F7CEAA,2,True,-2.0,[0],7
9BD054AF4F38455D9AE8A2F1A5E239BE,0,False,-0.5,"[4, 1, 8]",7
9BD054AF4F38455D9AE8A2F1A5E239BE,1,False,1.0,"[3, 4, 8]",0
9BD054AF4F38455D9AE8A2F1A5E239BE,2,False,0.3,"[4, 3, 8]",3
9C2F139BFFB54695BF441277B44E7CCD,0,False,1.9,"[8, 2, 4]",1
9C2F139BFFB54695BF441277B44E7CCD,1,False,2.0,"[2, 4, 8]",0
9C2F139BFFB54695BF441277B44E7CCD,2,False,-1.8,"[0, 7, 5]",7
9C83E0FF26FD471993D8C4042C8905BD,0,False,0.7,"[4, 8, 6]",5
9C83E0FF26FD471993D8C4042C8905BD,1,False,0.0,"[4, 8, 6]",0
9C83E0FF26FD471993D8C4042C8905BD,2,False,0.8,"[4, 6, 8]",3
9CDF3E29CEA34D59B9CE51019012290E,0,True,1.5,[2],7
9CDF3E29CEA34D59B9CE51019012290E,1,False,-0.7,"[1, 4, 6]",0
9CDF3E29CEA34D59B9CE51019012290E,2,True,-1.1,"[1, 4, 6]",4
9D10C23D704343CE8A1442B4C5B810BD,0,False,0.8,"[3, 8, 6]",4
9D10C23D704343CE8A1442B4C5B810BD,1,False,0.0,"[5, 6, 4]",0
9D10C23D704343CE8A1442B4C5B810BD,2,False,-0.7,"[6, 8, 1]",2
9D17585F39C74D1F8634E8604728D5A1,0,False,-1.0,"[4, 6, 8]",4
9D17585F39C74D1F8634E8604728D5A1,1,False,-1.0,"[4, 6, 8]",0
9D17585F39C74D1F8634E8604728D5A1,2,False,-1.0,"[4, 6, 8]",2
9D311655ABDF4CC2A24B0220961D68BF,0,False,0.0,"[2, 1]",6
9D311655ABDF4CC2A24B0220961D68BF,1,False,0.0,[2],0
9D311655ABDF4CC2A24B0220961D68BF,2,False,0.0,[3],3
9D71D0E521A64B398C72A748B86F8DDD,0,False,2.0,"[2, 5, 9]",8
9D71D0E521A64B398C72A748B86F8DDD,1,False,-1.0,"[1, 4, 6]",0
9D71D0E521A64B398C72A748B86F8DDD,2,False,-2.0,"[0, 6, 8]",0
9DC56DD86F1C43278C94B51BF37E5BD8,0,False,0.0,"[5, 3, 8]",6
9DC56DD86F1C43278C94B51BF37E5BD8,1,False,0.0,"[4, 8, 6]",0
9DC56DD86F1C43278C94B51BF37E5BD8,2,False,0.0,"[8, 4, 6]",2
9DFA60556874420E81269F1CC7A4C5CF,0,False,-0.5,"[8, 1]",3
9DFA60556874420E81269F1CC7A4C5CF,1,False,0.7,"[3, 8, 6]",0
9DFA60556874420E81269F1CC7A4C5CF,2,False,-1.0,"[1, 5, 7]",5
9E2F1E0EEB0A4E7C994E42800EE000E2,0,False,0.9,[2],9
9E2F1E0EEB0A4E7C994E42800EE000E2,1,False,-0.1,[1],0
9E2F1E0EEB0A4E7C994E42800EE000E2,2,False,-0.3,[1],1
9E996302D5244260878FDB74CBB316F4,0,False,0.0,"[2, 7]",7
9E996302D5244260878FDB74CBB316F4,1,False,0.0,[1],0
9E996302D5244260878FDB74CBB316F4,2,False,0.0,[1],2
9F8948AD35F94D7C970F8CC1A189A406,0,True,1.6,"[2, 7, 9]",6
9F8948AD35F94D7C970F8CC1A189A406,1,False,-2.0,"[0, 4, 8]",0
9F8948AD35F94D7C970F8CC1A189A406,2,True,-2.0,"[0, 4, 8]",1
9FA3BFE6B96E40248E7499F0580672C7,0,False,-1.0,"[8, 6]",5
9FA3BFE6B96E40248E7499F0580672C7,1,False,0.0,"[6, 8]",0
9FA3BFE6B96E40248E7499F0580672C7,2,False,0.9,"[6, 8]",4
A00967A36CCC4DC0A3DEA07635585063,0,False,1.0,[3],5
A00967A36CCC4DC0A3DEA07635585063,1,False,2.0,[2],0
A00967A36CCC4DC0A3DEA07635585063,2,False,-2.0,"[0, 7, 9]",7
A04D95DEA6604EE98CF27F20FD2D620F,0,True,1.0,[3],6
A04D95DEA6604EE98CF27F20FD2D620F,1,False,-2.0,"[0, 4, 8]",0
A04D95DEA6604EE98CF27F20FD2D620F,2,False,-2.0,"[0, 4]",1
A06417AC3EFC422EB4D00E4A35EAAF60,0,False,0.0,[2],6
A06417AC3EFC422EB4D00E4A35EAAF60,1,False,0.0,[1],0
A06417AC3EFC422EB4D00E4A35EAAF60,2,False,0.0,[1],3
A184A4CA935F4564AD68517CD987FB4E,0,True,0.0,"[2, 9, 7]",5
A184A4CA935F4564AD68517CD987FB4E,1,False,0.0,"[0, 4, 8]",0
A184A4CA935F4564AD68517CD987FB4E,2,False,0.0,"[1, 4, 6]",2
A2114ED017C241F6BA62EEE099A94889,0,False,0.3,"[1, 3]",4
A2114ED017C241F6BA62EEE099A94889,1,False,-2.0,[0],0
A2114ED017C241F6BA62EEE099A94889,2,False,-1.7,[0],1
A2243BDA2F7746DAA622C12DC04CF070,0,False,0.0,"[2, 6, 8]",3
A2243BDA2F7746DAA622C12DC04CF070,1,False,0.0,"[3, 6, 8]",0
A2243BDA2F7746DAA622C12DC04CF070,2,True,0.0,"[0, 7]",7
A266CB127F334F06A9AC44BE869D05AC,0,False,0.0,"[4, 2]",2
A266CB127F334F06A9AC44BE869D05AC,1,False,0.0,"[2, 4]",0
A266CB127F334F06A9AC44BE869D05AC,2,False,0.0,"[4, 3]",7
A2F30B4B654D4C728139658DFB134E8F,0,False,1.0,"[3, 8]",4
A2F30B4B654D4C728139658DFB134E8F,1,False,2.0,"[2, 5]",0
A2F30B4B654D4C728139658DFB134E8F,2,False,-2.0,"[0, 7]",9
A337038A090547458FC0D162EFFD9BDC,0,False,2.0,[2],8
A337038A090547458FC0D162EFFD9BDC,1,False,-1.5,"[1, 4]",0
A337038A090547458FC0D162EFFD9BDC,2,False,-2.0,[0],1
A352FFAB21D84896B1E9B3F7E081B4A6,0,False,1.2,"[2, 5]",9
A352FFAB21D84896B1E9B3F7E081B4A6,1,False,-1.4,"[0, 4, 8]",0
A352FFAB21D84896B1E9B3F7E081B4A6,2,False,-1.1,"[0, 4]",1
A39A2E9C8CA1472AB2A0772068C1107F,0,False,-1.0,[7],5
A39A2E9C8CA1472AB2A0772068C1107F,1,False,1.0,[3],0
A39A2E9C8CA1472AB2A0772068C1107F,2,False,0.6,[5],4
A40A8D308407458FB16EBBB89A0CB55B,0,False,1.0,"[2, 7]",6
A40A8D308407458FB16EBBB89A0CB55B,1,False,-2.0,"[0, 4, 6]",0
A40A8D308407458FB16EBBB89A0CB55B,2,False,1.0,[3],4
A43F0075A9904AE6A3F3DE2BE32C0BDC,0,True,1.2,"[3, 6]",4
A43F0075A9904AE6A3F3DE2BE32C0BDC,1,False,0.5,"[3, 8]",0
A43F0075A9904AE6A3F3DE2BE32C0BDC,2,False,-1.4,"[0, 7]",4
A4634667043F492A993D08B6484090E5,0,False,0.0,"[2, 4, 6]",0
A4634667043F492A993D08B6484090E5,1,False,0.0,"[2, 4, 6]",0
A4634667043F492A993D08B6484090E5,2,False,0.0,"[0, 7, 9]",10
A4921DA78231430FA25F4DE8B4BEEBE5,0,False,1.9,"[2, 9, 7]",8
A4921DA78231430FA25F4DE8B4BEEBE5,1,False,-2.0,[0],0
A4921DA78231430FA25F4DE8B4BEEBE5,2,False,-1.9,"[0, 4]",0
A50C3A2098BE40928A52C4CFABD4F548,0,False,-0.4,"[1, 4, 6]",1
A50C3A2098BE40928A52C4CFABD4F548,1,False,0.0,"[1, 4, 6]",0
A50C3A2098BE40928A52C4CFABD4F548,2,False,0.6,"[0, 8, 6]",3
A564C1C5538C48D0874D3CC48612419D,0,False,1.0,"[3, 6]",3
A564C1C5538C48D0874D3CC48612419D,1,False,2.0,"[2, 8]",0
A564C1C5538C48D0874D3CC48612419D,2,False,-2.0,[0],8
A61464DDD64049ED89F1097A7C012341,0,False,0.7,[3],4
A61464DDD64049ED89F1097A7C012341,1,False,-2.0,[0],0
A61464DDD64049ED89F1097A7C012341,2,False,-0.7,[0],3
A6314055D0BE49E1BEE7D450D0718DF6,0,False,-2.0,"[8, 6, 4]",4
A6314055D0BE49E1BEE7D450D0718DF6,1,False,2.0,"[8, 6, 4]",0
A6314055D0BE49E1BEE7D450D0718DF6,2,False,1.0,"[8, 6, 4]",1
A634B6515F60446CBAAE533B71E90490,0,False,2.0,"[2, 7]",6
A634B6515F60446CBAAE533B71E90490,1,False,0.0,"[1, 3, 8]",0
A634B6515F60446CBAAE533B71E90490,2,False,-2.0,"[0, 8]",3
A65B0B83594D4AB6A3FC8DDA3624FC5D,0,False,0.5,[3],3
A65B0B83594D4AB6A3FC8DDA3624FC5D,1,False,-0.6,"[1, 4]",0
A65B0B83594D4AB6A3FC8DDA3624FC5D,2,True,-1.3,"[4, 8]",3
A674A9A5F350413DAAFA521AEE278C74,0,False,0.0,[5],7
A674A9A5F350413DAAFA521AEE278C74,1,False,0.0,[1],0
A674A9A5F350413DAAFA521AEE278C74,2,False,0.0,[1],2
A6DFEDF5D28B4302A2C8AC5F15C15115,0,False,1.0,"[9, 3]",3
A6DFEDF5D28B4302A2C8AC5F15C15115,1,False,-1.0,"[1, 8]",0
A6DFEDF5D28B4302A2C8AC5F15C15115,2,False,-2.0,"[0, 7, 6]",2
A6E935781D864C9097F42C21475F5315,0,True,1.1,[2],5
A6E935781D864C9097F42C21475F5315,1,False,-1.0,[1],0
A6E935781D864C9097F42C21475F5315,2,True,-1.9,"[0, 4, 7]",1
A71D930CDB48467F889B83B489924987,0,False,1.4,"[2, 7, 9]",5
A71D930CDB48467F889B83B489924987,1,False,-1.5,"[0, 8, 6]",0
A71D930CDB48467F889B83B489924987,2,False,-1.2,"[1, 8, 6]",2
A744F31F29A541EEA0845377A40C3C94,0,False,-1.0,"[1, 3, 8]",3
A744F31F29A541EEA0845377A40C3C94,1,False,-2.0,"[0, 4, 8]",0
A744F31F29A541EEA0845377A40C3C94,2,False,-2.0,"[0, 4, 8]",1
A7D1BF167AE7411184DCE2FF356BCAE1,0,False,1.9,[2],9
A7D1BF167AE7411184DCE2FF356BCAE1,1,False,-1.5,"[0, 4, 8]",0
A7D1BF167AE7411184DCE2FF356BCAE1,2,False,-1.4,"[0, 8, 1]",2
A86DFFC9F2DA49D8B9A11D006A9769CD,0,False,1.5,"[2, 5]",7
A86DFFC9F2DA49D8B9A11D006A9769CD,1,False,-1.0,"[1, 8, 4]",0
A86DFFC9F2DA49D8B9A11D006A9769CD,2,False,-1.8,"[0, 4, 7]",3
A9517910EFBC4DBB8D896069714F8A10,0,False,0.0,"[0, 5, 7]",5
A9517910EFBC4DBB8D896069714F8A10,1,False,0.0,"[2, 6, 4]",0
A9517910EFBC4DBB8D896069714F8A10,2,False,0.0,"[0, 4, 8]",4
A9A67A3F254F4C8FB2CB9C500F028D87,0,False,0.0,"[0, 5, 7]",6
A9A67A3F254F4C8FB2CB9C500F028D87,1,False,0.0,"[2, 4, 8]",0
A9A67A3F254F4C8FB2CB9C500F028D87,2,False,0.0,"[2, 8, 4]",4
AA04E773B3564693B9A8EE5C93BCC14C,0,False,1.0,"[3, 4, 6]",3
AA04E773B3564693B9A8EE5C93BCC14C,1,False,2.0,"[2, 4, 6]",0
AA04E773B3564693B9A8EE5C93BCC14C,2,False,-2.0,"[0, 5, 9]",6
AA09167C92B249F893706D799EAF7130,0,True,1.0,"[2, 9]",5
AA09167C92B249F893706D799EAF7130,1,False,-1.0,"[1, 4, 8]",0
AA09167C92B249F893706D799EAF7130,2,False,-1.0,"[7, 0, 4]",2
AA14A5DEA2244AD282FC49295D04F52D,0,False,2.0,"[2, 8]",6
AA14A5DEA2244AD282FC49295D04F52D,1,False,2.0,"[2, 6, 8]",0
AA14A5DEA2244AD282FC49295D04F52D,2,False,-2.0,"[8, 0]",4
AACF23FB508143C5AF0544B26D0FEF98,0,True,0.6,"[4, 3, 8]",5
AACF23FB508143C5AF0544B26D0FEF98,1,False,-1.5,"[1, 4, 6]",0
AACF23FB508143C5AF0544B26D0FEF98,2,True,-0.5,"[4, 6, 8]",1
AB4D929E25A942249E8D34299746B1A6,0,True,2.0,"[2, 7]",6
AB4D929E25A942249E8D34299746B1A6,1,False,-1.0,"[1, 8]",0
AB4D929E25A942249E8D34299746B1A6,2,True,-1.0,"[1, 4]",2
ABD66EAF77F343C6958034DFB937A3B0,0,False,1.6,[3],6
ABD66EAF77F343C6958034DFB937A3B0,1,False,-0.9,[1],0
ABD66EAF77F343C6958034DFB937A3B0,2,False,-1.2,[0],1
AD74241031EB4BCF826C4C7729974FA4,0,True,2.0,[2],6
AD74241031EB4BCF826C4C7729974FA4,1,False,0.0,"[5, 6]",0
AD74241031EB4BCF826C4C7729974FA4,2,True,-1.0,"[1, 6]",4
ADFD4CC871474935B43C5771D39F5CF6,0,False,0.0,"[1, 8, 4]",6
ADFD4CC871474935B43C5771D39F5CF6,1,False,0.0,"[2, 4, 6]",0
ADFD4CC871474935B43C5771D39F5CF6,2,False,0.0,"[2, 8, 4]",3
AE7E03F5B8384D4788115F04000139CE,0,True,-0.2,"[3, 6, 8]",5
AE7E03F5B8384D4788115F04000139CE,1,False,0.8,"[3, 6, 9]",0
AE7E03F5B8384D4788115F04000139CE,2,True,-0.2,"[1, 4, 7]",5
AF01F32BF7A74A65B192B2EE6D1BEBAD,0,True,2.0,"[2, 5]",7
AF01F32BF7A74A65B192B2EE6D1BEBAD,1,False,0.5,[6],0
AF01F32BF7A74A65B192B2EE6D1BEBAD,2,True,-1.7,"[0, 4]",2
AFB2D3A633394264B6E9FBA7AA9E40D7,0,True,2.0,"[2, 7]",6
AFB2D3A633394264B6E9FBA7AA9E40D7,1,False,-2.0,"[0, 4, 6]",0
AFB2D3A633394264B6E9FBA7AA9E40D7,2,True,-2.0,"[0, 4, 6]",1
AFB7B02CA1AD429D8D5BE73995F6256F,0,True,-1.6,[0],6
AFB7B02CA1AD429D8D5BE73995F6256F,1,False,2.0,[2],0
AFB7B02CA1AD429D8D5BE73995F6256F,2,True,2.0,[2],6
AFC0B6E05E4A4CF19B71DBEF43F3C02C,0,False,1.5,[2],7
AFC0B6E05E4A4CF19B71DBEF43F3C02C,1,False,-1.0,[1],0
AFC0B6E05E4A4CF19B71DBEF43F3C02C,2,False,-1.4,"[1, 4]",3
AFCC1B7D2E8E4F51BA03BD15A6BE3AD5,0,True,1.0,"[2, 8]",5
AFCC1B7D2E8E4F51BA03BD15A6BE3AD5,1,False,0.0,"[3, 5, 8]",0
AFCC1B7D2E8E4F51BA03BD15A6BE3AD5,2,False,-1.0,"[0, 8]",4
AFFBEAC33F8A47D0B70727B751F79AD0,0,False,0.0,"[6, 8]",3
AFFBEAC33F8A47D0B70727B751F79AD0,1,False,0.0,"[2, 6, 8]",0
AFFBEAC33F8A47D0B70727B751F79AD0,2,False,0.0,"[0, 9, 7]",4
B02BB718D8624B148972D506180307B3,0,False,1.5,"[3, 8, 6]",4
B02BB718D8624B148972D506180307B3,1,False,-1.2,"[1, 6, 8]",0
B02BB718D8624B148972D506180307B3,2,False,-1.8,"[0, 6, 8]",1
B0893D0978C3492D979A57A5C07D1E9A,0,False,0.3,"[6, 8, 4]",3
B0893D0978C3492D979A57A5C07D1E9A,1,False,1.0,"[6, 8, 2]",0
B0893D0978C3492D979A57A5C07D1E9A,2,False,-0.3,"[6, 8, 4]",5
B0AFA67E34B7484581CB848A4E38B2F7,0,False,0.7,"[6, 8]",3
B0AFA67E34B7484581CB848A4E38B2F7,1,False,1.0,"[3, 6, 8]",0
B0AFA67E34B7484581CB848A4E38B2F7,2,False,-2.0,[0],4
B0D7A8F91A6A4BF1A96BE72FB8E7FD6B,0,False,0.3,[3],4
B0D7A8F91A6A4BF1A96BE72FB8E7FD6B,1,False,2.0,[2],0
B0D7A8F91A6A4BF1A96BE72FB8E7FD6B,2,False,-1.0,[0],9
B0F3D828DA0648879DD759D0EBE637EB,0,True,1.0,"[2, 8]",2
B0F3D828DA0648879DD759D0EBE637EB,1,False,2.0,"[2, 8]",0
B0F3D828DA0648879DD759D0EBE637EB,2,True,-1.0,"[0, 8]",9
B1861D985B11418589B65CF20A1BBE4F,0,False,1.0,"[2, 4]",8
B1861D985B11418589B65CF20A1BBE4F,1,False,-1.0,[0],0
B1861D985B11418589B65CF20A1BBE4F,2,True,-0.7,"[0, 4]",2
B28525DA53564E449A881057ABBC672F,0,False,2.0,[2],10
B28525DA53564E449A881057ABBC672F,1,False,-2.0,"[0, 8]",0
B28525DA53564E449A881057ABBC672F,2,False,-2.0,"[0, 8]",0
B2A36B9B11A04CA6A8258ECCEA9A6539,0,False,1.8,[2],5
B2A36B9B11A04CA6A8258ECCEA9A6539,1,False,1.1,[3],0
B2A36B9B11A04CA6A8258ECCEA9A6539,2,False,-1.1,[0],4
B2DD13F9AC134320A4DCDE643408FB1E,0,False,-1.0,[3],6
B2DD13F9AC134320A4DCDE643408FB1E,1,False,-1.0,[1],0
B2DD13F9AC134320A4DCDE643408FB1E,2,False,-1.0,[1],2
B441209EFCCC440A955518DC85B66DC8,0,False,-0.8,"[1, 6, 8]",4
B441209EFCCC440A955518DC85B66DC8,1,False,-0.9,"[1, 4, 6]",0
B441209EFCCC440A955518DC85B66DC8,2,False,-0.8,"[0, 4, 8]",2
B47AD1A5FB854DD782D6E486564630B6,0,False,1.6,"[2, 8, 6]",4
B47AD1A5FB854DD782D6E486564630B6,1,False,1.0,"[3, 8, 6]",0
B47AD1A5FB854DD782D6E486564630B6,2,False,-1.5,"[0, 7, 5]",5
B4E11C24954F4DE8A318AED1657A3525,0,False,0.6,"[1, 8]",6
B4E11C24954F4DE8A318AED1657A3525,1,False,1.0,"[3, 8]",0
B4E11C24954F4DE8A318AED1657A3525,2,False,-0.4,"[3, 4]",4
B4E74EC02CE04C02AFBF539FA303A0F2,0,False,2.0,"[2, 5]",8
B4E74EC02CE04C02AFBF539FA303A0F2,1,False,-1.0,[1],0
B4E74EC02CE04C02AFBF539FA303A0F2,2,False,-2.0,"[0, 4]",1
B5EAFFF5758E45F98F488D81E2EE55E4,0,False,-0.2,"[8, 6]",4
B5EAFFF5758E45F98F488D81E2EE55E4,1,False,0.4,"[6, 8]",0
B5EAFFF5758E45F98F488D81E2EE55E4,2,False,-0.3,"[6, 8]",3
B5FE6BC0A3D3462882D0389AC0C2EA3C,0,False,1.1,"[3, 6]",3
B5FE6BC0A3D3462882D0389AC0C2EA3C,1,False,1.6,"[2, 6, 8]",0
B5FE6BC0A3D3462882D0389AC0C2EA3C,2,False,-1.4,"[0, 7]",5
B719D9B07581427DA0B950C58EBDC4CE,0,False,0.0,"[3, 4, 8]",6
B719D9B07581427DA0B950C58EBDC4CE,1,False,0.0,"[5, 4, 8]",0
B719D9B07581427DA0B950C58EBDC4CE,2,False,0.0,"[0, 4, 8]",3
B7D21927472C45B3866D10E6FB320AB8,0,False,0.0,"[0, 4, 5]",6
B7D21927472C45B3866D10E6FB320AB8,1,False,0.0,"[2, 6, 8]",0
B7D21927472C45B3866D10E6FB320AB8,2,True,0.0,"[1, 4, 5]",4
B7F7832409EE4FE1B88415AF2DB17D9E,0,False,0.0,"[3, 8]",3
B7F7832409EE4FE1B88415AF2DB17D9E,1,False,0.0,"[2, 8]",0
B7F7832409EE4FE1B88415AF2DB17D9E,2,False,0.0,"[1, 8]",7
B81B743E1DC248B18403307B0617C3A5,0,False,-1.0,"[2, 6, 8]",4
B81B743E1DC248B18403307B0617C3A5,1,False,0.1,"[6, 7, 5]",0
B81B743E1DC248B18403307B0617C3A5,2,False,0.9,"[1, 6, 8]",4
B8334F2304A9454690F324F82C9040C4,0,False,-1.4,"[8, 5, 7]",7
B8334F2304A9454690F324F82C9040C4,1,False,-0.2,"[1, 3, 8]",0
B8334F2304A9454690F324F82C9040C4,2,False,-1.0,"[1, 4, 6]",3
B8E2406980CE4B85B50612DBE8C0A60F,0,False,2.0,[2],5
B8E2406980CE4B85B50612DBE8C0A60F,1,False,0.8,"[2, 3]",0
B8E2406980CE4B85B50612DBE8C0A60F,2,False,-0.2,[0],4
B909A4A0E73442E6AEEAD7B18547A618,0,True,2.0,"[2, 7, 5]",8
B909A4A0E73442E6AEEAD7B18547A618,1,False,-1.6,"[0, 4, 6]",0
B909A4A0E73442E6AEEAD7B18547A618,2,False,-1.6,"[0, 4, 8]",0
B9D642A40A6F49318A7EBF3B924B7860,0,False,-0.5,[1],5
B9D642A40A6F49318A7EBF3B924B7860,1,False,1.0,[3],0
B9D642A40A6F49318A7EBF3B924B7860,2,False,-0.5,[1],4
BA8CCC6DED774D69A3B8D347E669DB4A,0,True,0.9,"[3, 6]",5
BA8CCC6DED774D69A3B8D347E669DB4A,1,False,0.0,"[5, 1]",0
BA8CCC6DED774D69A3B8D347E669DB4A,2,True,-0.9,"[0, 7, 8]",5
BC1A879A03EC484BA76CD3F1051BE64B,0,False,1.0,"[3, 7, 8]",5
BC1A879A03EC484BA76CD3F1051BE64B,1,False,-2.0,"[0, 4, 6]",0
BC1A879A03EC484BA76CD3F1051BE64B,2,False,-2.0,"[0, 6, 8]",1
BC562DCA86E5403EB5C7A1557DC35557,0,False,0.0,"[3, 8]",3
BC562DCA86E5403EB5C7A1557DC35557,1,False,0.0,[3],0
BC562DCA86E5403EB5C7A1557DC35557,2,False,0.0,"[0, 7]",5
BC6D9B3AAE6441C48A333B2153DDDCA6,0,True,2.0,"[2, 6, 8]",5
BC6D9B3AAE6441C48A333B2153DDDCA6,1,False,-1.0,"[1, 6, 8]",0
BC6D9B3AAE6441C48A333B2153DDDCA6,2,True,-1.9,"[0, 6, 8]",4
BC83CAE885124BE085D4ABD92EC5A57E,0,False,1.3,[2],6
BC83CAE885124BE085D4ABD92EC5A57E,1,False,0.0,"[5, 7]",0
BC83CAE885124BE085D4ABD92EC5A57E,2,False,-0.5,"[1, 8]",2
BCB25612CF5A48CFA4D0E76D0C91444B,0,True,0.8,"[3, 8]",4
BCB25612CF5A48CFA4D0E76D0C91444B,1,False,0.8,"[3, 8]",0
BCB25612CF5A48CFA4D0E76D0C91444B,2,True,-0.7,"[1, 8]",2
BE2AD98FF0B947DCB6B0839FFBC3F04D,0,False,0.0,"[2, 6]",4
BE2AD98FF0B947DCB6B0839FFBC3F04D,1,False,0.0,"[0, 4, 6]",0
BE2AD98FF0B947DCB6B0839FFBC3F04D,2,False,0.0,"[0, 6]",5
BE55B35019B1449A83AF9EE7624F681F,0,False,0.0,"[3, 6, 8]",4
BE55B35019B1449A83AF9EE7624F681F,1,False,0.0,"[3, 1, 6]",0
BE55B35019B1449A83AF9EE7624F681F,2,False,0.0,"[6, 8, 1]",5
BEDB2C6421C34A718B280E47C973E806,0,False,-0.6,"[8, 4]",6
BEDB2C6421C34A718B280E47C973E806,1,False,0.3,"[4, 8]",0
BEDB2C6421C34A718B280E47C973E806,2,False,0.3,"[4, 8]",3
BF03AF7148FF42F6B6E47C2EB1BA531A,0,False,2.0,"[2, 9, 5]",9
BF03AF7148FF42F6B6E47C2EB1BA531A,1,False,-2.0,"[0, 4, 8]",0
BF03AF7148FF42F6B6E47C2EB1BA531A,2,False,-2.0,"[0, 4, 8]",0
BF4EF0FA97D1430FB583CD44795E8670,0,False,-1.6,[0],2
BF4EF0FA97D1430FB583CD44795E8670,1,False,-1.2,[0],0
BF4EF0FA97D1430FB583CD44795E8670,2,False,-1.4,[0],2
C136C850F7DD4729958B3FA78CAB2F33,0,False,-0.4,"[3, 4, 8]",7
C136C850F7DD4729958B3FA78CAB2F33,1,False,0.2,"[1, 4, 8]",0
C136C850F7DD4729958B3FA78CAB2F33,2,False,-0.3,[1],1
C141654FEFB142C58085CD6068C4CF62,0,False,0.0,"[2, 5]",7
C141654FEFB142C58085CD6068C4CF62,1,False,0.0,"[1, 4, 8]",0
C141654FEFB142C58085CD6068C4CF62,2,False,0.0,"[1, 8, 4]",2
C15FD043802C4D9DA0F26508D89A60F1,0,False,1.5,"[6, 8, 2]",3
C15FD043802C4D9DA0F26508D89A60F1,1,False,1.1,"[3, 8, 4]",0
C15FD043802C4D9DA0F26508D89A60F1,2,False,-1.2,"[0, 7, 5]",8
C20DA5B989DE46AFA8BD9CB8722E5ACC,0,False,2.0,"[2, 5, 7]",6
C20DA5B989DE46AFA8BD9CB8722E5ACC,1,False,-2.0,"[0, 4, 8]",0
C20DA5B989DE46AFA8BD9CB8722E5ACC,2,False,-2.0,"[0, 4, 8]",1
C26E207D61F94497895EF589F2E6CF26,0,False,1.0,"[2, 6, 8]",0
C26E207D61F94497895EF589F2E6CF26,1,False,2.0,"[2, 8]",0
C26E207D61F94497895EF589F2E6CF26,2,False,-2.0,"[7, 9, 0]",9
C2932169465F46C3B987EC73F583ADA3,0,True,1.4,"[9, 2, 7]",6
C2932169465F46C3B987EC73F583ADA3,1,False,-1.0,"[1, 4, 6]",0
C2932169465F46C3B987EC73F583ADA3,2,True,-1.0,"[1, 4, 6]",1
C30687A345194E70A003646FEB3F781B,0,False,1.0,"[3, 8, 6]",5
C30687A345194E70A003646FEB3F781B,1,False,0.5,"[4, 6, 8]",0
C30687A345194E70A003646FEB3F781B,2,False,0.5,"[8, 6, 1]",6
C3842FA04E0440E8BC54DC2BA2D471D8,0,False,1.9,"[2, 5]",7
C3842FA04E0440E8BC54DC2BA2D471D8,1,False,0.4,"[3, 4, 8]",0
C3842FA04E0440E8BC54DC2BA2D471D8,2,False,-2.0,"[0, 4]",2
C3D106C1617A4038B5F3E35F1F41D6D2,0,False,2.0,"[2, 8, 6]",2
C3D106C1617A4038B5F3E35F1F41D6D2,1,False,2.0,"[2, 8, 6]",0
C3D106C1617A4038B5F3E35F1F41D6D2,2,False,-2.0,"[0, 7]",6
C447F0C96FFB473FB7978473FE314179,0,True,0.0,[4],4
C447F0C96FFB473FB7978473FE314179,1,False,0.0,[4],0
C447F0C96FFB473FB7978473FE314179,2,True,0.0,[5],2
C47AFFCD72EB4F5E954A1A6E3FC13EF4,0,True,2.0,[2],3
C47AFFCD72EB4F5E954A1A6E3FC13EF4,1,False,1.5,[3],0
C47AFFCD72EB4F5E954A1A6E3FC13EF4,2,True,-2.0,[0],8
C48E6A50574B407F993B02F47B58BF43,0,False,0.0,"[8, 2, 6]",7
C48E6A50574B407F993B02F47B58BF43,1,False,0.0,"[2, 4, 6]",0
C48E6A50574B407F993B02F47B58BF43,2,False,0.0,"[2, 4, 6]",5
C4F2BE8010C844A18F1FFBEDB48EF105,0,False,1.0,[3],4
C4F2BE8010C844A18F1FFBEDB48EF105,1,False,2.0,[2],0
C4F2BE8010C844A18F1FFBEDB48EF105,2,False,-1.0,[1],6
C650A6E413934F6FA6C0A79EC28864F9,0,False,0.5,[2],4
C650A6E413934F6FA6C0A79EC28864F9,1,False,0.0,[3],0
C650A6E413934F6FA6C0A79EC28864F9,2,False,-0.3,"[0, 7]",5
C655AAE370BD4BD7B7889231847D198C,0,True,1.5,"[2, 8, 7]",2
C655AAE370BD4BD7B7889231847D198C,1,False,2.0,"[6, 8]",0
C655AAE370BD4BD7B7889231847D198C,2,True,-1.8,"[0, 7]",8
C6C7C5634FB94561A8DFCE4F3357173C,0,False,1.0,"[3, 7, 8]",6
C6C7C5634FB94561A8DFCE4F3357173C,1,False,-2.0,"[0, 4, 8]",0
C6C7C5634FB94561A8DFCE4F3357173C,2,True,-2.0,"[0, 4, 8]",0
C6F0193D2645455BB063D75A5A9F4B4C,0,True,1.8,[2],8
C6F0193D2645455BB063D75A5A9F4B4C,1,False,-1.9,[0],0
C6F0193D2645455BB063D75A5A9F4B4C,2,True,1.0,[3],3
C6F3E3124398486790757958B63F3D6E,0,False,1.0,"[3, 8]",5
C6F3E3124398486790757958B63F3D6E,1,False,-2.0,"[0, 7]",0
C6F3E3124398486790757958B63F3D6E,2,False,-1.7,"[8, 1, 0]",1
C7AF8C34F16B486AA40526ADBAED3E01,0,False,1.6,"[2, 5, 7]",6
C7AF8C34F16B486AA40526ADBAED3E01,1,False,-0.4,"[1, 4, 6]",0
C7AF8C34F16B486AA40526ADBAED3E01,2,False,-0.7,"[1, 6, 7]",3
C88DE755A92949819BD605EE69D76852,0,False,1.0,"[2, 8]",8
C88DE755A92949819BD605EE69D76852,1,False,-1.0,"[1, 5]",0
C88DE755A92949819BD605EE69D76852,2,False,-1.0,"[0, 7]",2
C8D04FF30A9E4659BF3DACA5B7D6B3E1,0,True,0.0,"[2, 9, 7]",7
C8D04FF30A9E4659BF3DACA5B7D6B3E1,1,False,0.0,"[1, 6, 8]",0
C8D04FF30A9E4659BF3DACA5B7D6B3E1,2,True,0.0,"[0, 4, 7]",4
C8DDD9EB33864E949D658851F59BEE9C,0,True,0.0,"[3, 8]",3
C8DDD9EB33864E949D658851F59BEE9C,1,False,0.0,"[2, 8]",0
C8DDD9EB33864E949D658851F59BEE9C,2,True,0.0,"[0, 7]",8
C91C479CD4854176B4D9C53D334C5CA8,0,False,-1.0,[1],3
C91C479CD4854176B4D9C53D334C5CA8,1,False,-1.0,[1],0
C91C479CD4854176B4D9C53D334C5CA8,2,False,1.1,[3],4
C9439BEA746F47A2B81E3D8B1B7CE47E,0,True,0.0,[2],5
C9439BEA746F47A2B81E3D8B1B7CE47E,1,False,0.0,[1],0
C9439BEA746F47A2B81E3D8B1B7CE47E,2,True,0.0,[3],4
C9ADDF61DB624546A4B0E5CAA73F4CC8,0,False,1.1,"[8, 2]",4
C9ADDF61DB624546A4B0E5CAA73F4CC8,1,False,1.4,"[8, 2]",0
C9ADDF61DB624546A4B0E5CAA73F4CC8,2,False,-1.0,[0],7
CA98B80CF2DD496FA96DF87A76EE59D0,0,False,1.0,"[3, 8, 6]",3
CA98B80CF2DD496FA96DF87A76EE59D0,1,False,1.5,"[2, 8, 6]",0
CA98B80CF2DD496FA96DF87A76EE59D0,2,False,-1.9,"[0, 7, 9]",9
CB96F731032E4076A603733891D5A44D,0,False,2.0,"[2, 3, 8]",8
CB96F731032E4076A603733891D5A44D,1,False,-0.9,"[1, 5, 4]",0
CB96F731032E4076A603733891D5A44D,2,False,-2.0,"[0, 4, 8]",2
CBBA737259544BB6B23A73CCCC89C9EC,0,False,2.0,"[2, 7]",6
CBBA737259544BB6B23A73CCCC89C9EC,1,False,-0.9,"[1, 8]",0
CBBA737259544BB6B23A73CCCC89C9EC,2,False,-2.0,"[0, 7]",2
CBE0AFBBFB034916AA196469637352CA,0,False,1.0,[2],7
CBE0AFBBFB034916AA196469637352CA,1,False,-1.0,[1],0
CBE0AFBBFB034916AA196469637352CA,2,False,-1.0,[1],4
CBE680E5548D42FAAF54A787F2C79305,0,True,2.0,[8],2
CBE680E5548D42FAAF54A787F2C79305,1,False,2.0,[8],0
CBE680E5548D42FAAF54A787F2C79305,2,True,-2.0,[0],9
CD60CC51678B4ECE87B6A7A65AB81D61,0,True,2.0,"[2, 5, 9]",3
CD60CC51678B4ECE87B6A7A65AB81D61,1,False,-1.1,"[4, 8, 1]",0
CD60CC51678B4ECE87B6A7A65AB81D61,2,False,-2.0,"[0, 8, 4]",1
CD9678B0172F4C03863705CA0A15CF48,0,False,2.0,"[2, 8]",2
CD9678B0172F4C03863705CA0A15CF48,1,False,0.8,"[3, 4, 6]",0
CD9678B0172F4C03863705CA0A15CF48,2,False,-2.0,"[0, 4, 7]",8
CDEE966897F34CCAAA29005F206F50F0,0,False,0.0,"[2, 5]",7
CDEE966897F34CCAAA29005F206F50F0,1,False,0.0,"[1, 4, 8]",0
CDEE966897F34CCAAA29005F206F50F0,2,False,0.0,"[1, 4, 8]",1
CF0AA90062C943E991CBAEA9D63F10B8,0,False,1.4,"[3, 5]",4
CF0AA90062C943E991CBAEA9D63F10B8,1,False,-0.7,"[1, 6, 4]",0
CF0AA90062C943E991CBAEA9D63F10B8,2,False,-0.5,"[0, 6, 4]",3
D04E68F9128A48209E6AC6E6C3381DD4,0,False,0.0,"[0, 4]",7
D04E68F9128A48209E6AC6E6C3381DD4,1,False,0.0,"[0, 4]",0
D04E68F9128A48209E6AC6E6C3381DD4,2,False,0.0,"[3, 5]",0
D096CB4486844843A76E0075E0BF551A,0,False,0.0,[6],6
D096CB4486844843A76E0075E0BF551A,1,False,0.0,[1],0
D096CB4486844843A76E0075E0BF551A,2,True,0.0,[0],4
D0D0401BCD224FB58549CB6463AC1C09,0,True,1.8,"[7, 9, 5]",8
D0D0401BCD224FB58549CB6463AC1C09,1,False,0.0,"[8, 3, 4]",0
D0D0401BCD224FB58549CB6463AC1C09,2,False,0.0,"[8, 4, 6]",2
D10ED7A5134E48A38394F95BF1D357C2,0,False,0.0,"[2, 5]",7
D10ED7A5134E48A38394F95BF1D357C2,1,False,0.0,"[0, 6, 8]",0
D10ED7A5134E48A38394F95BF1D357C2,2,False,0.0,"[1, 6, 8]",1
D1344A8A9E754C9799AD26A1CB1CF9BD,0,False,0.0,"[3, 6, 8]",3
D1344A8A9E754C9799AD26A1CB1CF9BD,1,False,0.0,"[2, 5, 8]",0
D1344A8A9E754C9799AD26A1CB1CF9BD,2,False,0.0,"[1, 5, 8]",5
D1BF03C98CA94768B24A963BAD80E128,0,False,0.5,"[3, 6, 8]",5
D1BF03C98CA94768B24A963BAD80E128,1,False,0.1,"[8, 6, 1]",0
D1BF03C98CA94768B24A963BAD80E128,2,False,-0.2,"[0, 1, 6]",4
D1DC0467F62C48F89048899F4A3F6135,0,False,0.5,"[5, 8, 2]",5
D1DC0467F62C48F89048899F4A3F6135,1,False,1.0,"[2, 4, 8]",0
D1DC0467F62C48F89048899F4A3F6135,2,False,-0.5,"[8, 5, 3]",1
D1F9C5CDFDA941B5A2183BB6F1143CC8,0,True,-0.9,"[7, 8, 5]",6
D1F9C5CDFDA941B5A2183BB6F1143CC8,1,False,-1.3,"[1, 4, 8]",0
D1F9C5CDFDA941B5A2183BB6F1143CC8,2,True,0.0,"[8, 7, 5]",6
D203BB189B1C4434B9AF23C9DCB84A34,0,False,0.3,"[3, 4, 8]",4
D203BB189B1C4434B9AF23C9DCB84A34,1,False,0.0,"[1, 3, 8]",0
D203BB189B1C4434B9AF23C9DCB84A34,2,False,-0.3,"[1, 4, 8]",3
D2EFFB1611AC4A11A222A4C143233AF4,0,True,2.0,[2],9
D2EFFB1611AC4A11A222A4C143233AF4,1,False,-2.0,"[0, 8]",0
D2EFFB1611AC4A11A222A4C143233AF4,2,False,-0.9,[0],1
D428923385414855AC4E5E237B10EE21,0,True,0.0,[2],6
D428923385414855AC4E5E237B10EE21,1,False,0.0,[1],0
D428923385414855AC4E5E237B10EE21,2,True,0.0,[0],3
D503D41A56C747E580B25692E2394C7F,0,False,-1.0,"[6, 8, 4]",4
D503D41A56C747E580B25692E2394C7F,1,False,1.3,"[3, 6, 4]",0
D503D41A56C747E580B25692E2394C7F,2,False,2.0,"[1, 4, 8]",4
D5101961CFB3403ABB59328A17CC6E83,0,False,2.0,"[2, 9]",3
D5101961CFB3403ABB59328A17CC6E83,1,False,-2.0,"[0, 8]",0
D5101961CFB3403ABB59328A17CC6E83,2,False,-2.0,[0],1
D697DCF1D34A4B6B8D3B01E2FF8780CC,0,False,-1.5,"[2, 8, 6]",2
D697DCF1D34A4B6B8D3B01E2FF8780CC,1,False,1.6,"[2, 8, 6]",0
D697DCF1D34A4B6B8D3B01E2FF8780CC,2,False,1.6,"[0, 4, 7]",5
D69BE91EFE914BA8A65E8D7B39D95ABA,0,False,-1.0,"[1, 5, 8]",8
D69BE91EFE914BA8A65E8D7B39D95ABA,1,False,1.0,"[2, 4, 6]",0
D69BE91EFE914BA8A65E8D7B39D95ABA,2,True,1.0,"[2, 8, 6]",1
D6E34D6EB97E4DD080DEA2A54AEE5281,0,True,1.1,[2],6
D6E34D6EB97E4DD080DEA2A54AEE5281,1,False,0.4,[3],0
D6E34D6EB97E4DD080DEA2A54AEE5281,2,True,-1.0,"[0, 4, 9]",6
D75AFA11AA1E433DB170435FAB08C729,0,True,-0.1,"[5, 2]",8
D75AFA11AA1E433DB170435FAB08C729,1,False,0.1,"[4, 5]",0
D75AFA11AA1E433DB170435FAB08C729,2,False,0.1,[1],2
D832032418BB4D7A9109C67F48E3C1A0,0,False,1.7,"[2, 5, 9]",9
D832032418BB4D7A9109C67F48E3C1A0,1,False,-1.8,"[0, 8, 4]",0
D832032418BB4D7A9109C67F48E3C1A0,2,False,-1.8,"[0, 6, 8]",0
D8A029B725344D868E107E4658F9004C,0,False,1.9,"[2, 7, 9]",10
D8A029B725344D868E107E4658F9004C,1,False,-0.9,"[1, 6, 8]",0
D8A029B725344D868E107E4658F9004C,2,False,-1.6,"[0, 4, 8]",0
D926FE4276EC40D88C45D29B1C14C229,0,False,2.0,"[2, 5, 7]",9
D926FE4276EC40D88C45D29B1C14C229,1,False,-1.6,"[0, 6, 8]",0
D926FE4276EC40D88C45D29B1C14C229,2,False,-1.6,"[0, 4, 8]",0
D9467924A0FB4DD2B9C74951CA85A9A0,0,False,0.0,"[3, 8]",7
D9467924A0FB4DD2B9C74951CA85A9A0,1,False,0.0,"[8, 1]",0
D9467924A0FB4DD2B9C74951CA85A9A0,2,False,0.0,"[1, 6, 8]",3
D99590F1FB0E4A0BB009E1CB207C2E9C,0,False,-2.0,"[0, 7]",5
D99590F1FB0E4A0BB009E1CB207C2E9C,1,False,2.0,"[2, 5, 8]",0
D99590F1FB0E4A0BB009E1CB207C2E9C,2,False,-2.0,"[0, 9]",6
D9F52DD1FF024057B1D70E07FB18AD22,0,False,2.0,"[2, 9]",9
D9F52DD1FF024057B1D70E07FB18AD22,1,False,-2.0,[0],0
D9F52DD1FF024057B1D70E07FB18AD22,2,False,-2.0,"[0, 6, 8]",1
DA03A7D6B791418EA435E0C4D8D9624F,0,False,2.0,[2],3
DA03A7D6B791418EA435E0C4D8D9624F,1,False,0.0,[2],0
DA03A7D6B791418EA435E0C4D8D9624F,2,False,-2.0,[0],8
DA23927A44E04612B9C4D5F8CF461677,0,False,-1.8,"[1, 8, 4]",4
DA23927A44E04612B9C4D5F8CF461677,1,False,-1.7,[0],0
DA23927A44E04612B9C4D5F8CF461677,2,False,-1.0,"[0, 6, 8]",5
DA2B78A4434A4F23ABE9F09F8E73A200,0,False,1.6,"[2, 8, 6]",0
DA2B78A4434A4F23ABE9F09F8E73A200,1,False,2.0,"[6, 8, 2]",0
DA2B78A4434A4F23ABE9F09F8E73A200,2,False,-2.0,"[0, 7, 9]",10
DAABBA9F6C6148C1A5E441C52998D5EE,0,False,0.9,[2],9
DAABBA9F6C6148C1A5E441C52998D5EE,1,False,-1.8,[0],0
DAABBA9F6C6148C1A5E441C52998D5EE,2,False,-1.0,[1],1
DB2954A6C14D4C9E8175D3A3E30FAE1C,0,False,0.9,"[2, 6]",4
DB2954A6C14D4C9E8175D3A3E30FAE1C,1,False,1.8,"[6, 4, 2]",0
DB2954A6C14D4C9E8175D3A3E30FAE1C,2,False,1.1,"[0, 7]",5
DC8A38B72B8945C49E2A5B163C978BC9,0,False,0.7,"[3, 8]",5
DC8A38B72B8945C49E2A5B163C978BC9,1,False,0.0,"[3, 8, 6]",0
DC8A38B72B8945C49E2A5B163C978BC9,2,False,-0.6,"[1, 8]",3
DD7F010C5DA144B6B3FF41C01108C112,0,False,0.0,"[0, 7, 4]",6
DD7F010C5DA144B6B3FF41C01108C112,1,False,0.0,"[2, 4, 6]",0
DD7F010C5DA144B6B3FF41C01108C112,2,False,0.0,"[6, 8, 1]",6
DE1EC6694BCA49DA8C28E574B5E168F5,0,False,-0.5,[1],3
DE1EC6694BCA49DA8C28E574B5E168F5,1,False,-0.4,[1],0
DE1EC6694BCA49DA8C28E574B5E168F5,2,False,-1.2,[0],4
DE33E7E9ED6444C796570315560F54AB,0,False,0.7,[3],4
DE33E7E9ED6444C796570315560F54AB,1,False,0.5,"[3, 4]",0
DE33E7E9ED6444C796570315560F54AB,2,False,-0.5,"[0, 7, 4]",4
DE3C63326DC440EBB52DCDA85AB3D398,0,True,1.2,"[2, 7]",5
DE3C63326DC440EBB52DCDA85AB3D398,1,False,-0.2,[1],0
DE3C63326DC440EBB52DCDA85AB3D398,2,True,-1.0,[1],3
E06BEE71A8B747FDA8C95E9BE38B12E0,0,False,1.0,[3],4
E06BEE71A8B747FDA8C95E9BE38B12E0,1,False,-1.0,[1],0
E06BEE71A8B747FDA8C95E9BE38B12E0,2,False,-1.0,[1],1
E0DDCDD4DC6248318AADE062CC508C75,0,False,2.0,"[9, 2, 7]",7
E0DDCDD4DC6248318AADE062CC508C75,1,False,-1.0,"[1, 4, 8]",0
E0DDCDD4DC6248318AADE062CC508C75,2,False,1.0,"[5, 3, 7]",5
E0E54B4E48594DD5B5226EDE7A41ED6F,0,True,1.6,"[2, 8]",9
E0E54B4E48594DD5B5226EDE7A41ED6F,1,False,-0.4,"[1, 8, 4]",0
E0E54B4E48594DD5B5226EDE7A41ED6F,2,True,-0.4,"[1, 8, 4]",1
E10EC4E6CDDF426C94EAB758806ADBC8,0,False,1.0,[8],7
E10EC4E6CDDF426C94EAB758806ADBC8,1,False,0.6,[8],0
E10EC4E6CDDF426C94EAB758806ADBC8,2,False,-0.5,[8],5
E1465594B47B4C198E60227A90FA89BE,0,False,2.0,"[2, 7]",9
E1465594B47B4C198E60227A90FA89BE,1,False,-2.0,"[0, 6, 4]",0
E1465594B47B4C198E60227A90FA89BE,2,False,-2.0,"[0, 4, 6]",1
E1EA6391E51C4A978326BC4F5A530C3D,0,False,2.0,"[2, 6]",7
E1EA6391E51C4A978326BC4F5A530C3D,1,False,0.0,"[4, 5, 6]",0
E1EA6391E51C4A978326BC4F5A530C3D,2,False,-2.0,"[6, 0]",3
E20A3C55A733464A85005A46D8150ED7,0,False,0.0,"[6, 4, 1]",3
E20A3C55A733464A85005A46D8150ED7,1,False,0.0,"[1, 4, 6]",0
E20A3C55A733464A85005A46D8150ED7,2,False,0.0,"[0, 4, 6]",2
E221924AFFA44D3C954FBCC53940D16F,0,False,1.1,[3],5
E221924AFFA44D3C954FBCC53940D16F,1,False,2.0,[2],0
E221924AFFA44D3C954FBCC53940D16F,2,False,-0.4,[1],5
E314B2F0B676428D9122CDC8E2B779D2,0,False,1.0,"[7, 2, 4]",7
E314B2F0B676428D9122CDC8E2B779D2,1,False,-0.7,"[1, 5, 8]",0
E314B2F0B676428D9122CDC8E2B779D2,2,False,-0.2,"[1, 8, 4]",3
E3FE2EC1BF464EAFB4F91B3B9AC2640A,0,True,-2.0,"[2, 7]",6
E3FE2EC1BF464EAFB4F91B3B9AC2640A,1,False,-1.5,"[8, 0, 4]",0
E3FE2EC1BF464EAFB4F91B3B9AC2640A,2,False,0.7,"[0, 6, 4]",0
E5D3FE9DF5104D21BF2043F90D919278,0,False,2.0,"[2, 5, 8]",6
E5D3FE9DF5104D21BF2043F90D919278,1,False,-1.0,"[8, 1, 4]",0
E5D3FE9DF5104D21BF2043F90D919278,2,False,-1.6,"[8, 0, 6]",1
E5DA6503EE474B408634698923790E8D,0,True,0.0,"[0, 6]",7
E5DA6503EE474B408634698923790E8D,1,False,0.0,"[2, 4]",0
E5DA6503EE474B408634698923790E8D,2,False,0.0,[2],2
E60BC9BA6D4B4D37BAA89EA262FF0030,0,True,0.0,[2],8
E60BC9BA6D4B4D37BAA89EA262FF0030,1,False,0.0,"[0, 4, 8]",0
E60BC9BA6D4B4D37BAA89EA262FF0030,2,True,0.0,[1],3
E6B28EBB913043C18933494E08FA055A,0,False,1.3,"[2, 8, 6]",8
E6B28EBB913043C18933494E08FA055A,1,False,-1.6,"[1, 4, 8]",0
E6B28EBB913043C18933494E08FA055A,2,False,-1.3,"[0, 4, 6]",3
E71A1E4E56AB47009E35C1517E7EC488,0,False,0.0,"[2, 6, 8]",4
E71A1E4E56AB47009E35C1517E7EC488,1,False,0.0,"[3, 1, 6]",0
E71A1E4E56AB47009E35C1517E7EC488,2,True,0.0,"[0, 8, 4]",2
E71BD9864D2F4A05B28E17E29EDCD0D3,0,False,0.0,[3],4
E71BD9864D2F4A05B28E17E29EDCD0D3,1,False,0.0,[0],0
E71BD9864D2F4A05B28E17E29EDCD0D3,2,False,0.0,[0],2
E7403536FA54483B8A59905B91672F6B,0,False,1.0,"[2, 4, 6]",5
E7403536FA54483B8A59905B91672F6B,1,False,1.0,"[3, 4, 8]",0
E7403536FA54483B8A59905B91672F6B,2,False,-0.9,"[8, 1, 4]",4
E88AD4D691FA42689415B5847A3B992F,0,False,2.0,[2],9
E88AD4D691FA42689415B5847A3B992F,1,False,-2.0,[0],0
E88AD4D691FA42689415B5847A3B992F,2,False,-2.0,[0],0
E89A884774AA4B878ED00025681E9C8A,0,True,0.0,[2],8
E89A884774AA4B878ED00025681E9C8A,1,False,0.0,[1],0
E89A884774AA4B878ED00025681E9C8A,2,True,0.0,[0],2
E9C554921A30473FABBA12ACC64EA139,0,False,1.6,[2],7
E9C554921A30473FABBA12ACC64EA139,1,False,-1.8,[0],0
E9C554921A30473FABBA12ACC64EA139,2,False,-1.8,[0],3
EA56ABEFDB944A599095C4775BCD6A06,0,False,1.1,[2],7
EA56ABEFDB944A599095C4775BCD6A06,1,False,-0.2,"[5, 6, 8]",0
EA56ABEFDB944A599095C4775BCD6A06,2,False,-0.8,[0],3
EAA62186C17D4B179633BA540F499B1D,0,False,1.0,"[7, 3, 9]",7
EAA62186C17D4B179633BA540F499B1D,1,False,-1.4,"[1, 4, 6]",0
EAA62186C17D4B179633BA540F499B1D,2,False,-1.7,"[6, 0, 8]",3
EC249D2C98D5481E989BB0D86BDA1208,0,False,1.0,"[2, 6, 8]",5
EC249D2C98D5481E989BB0D86BDA1208,1,False,-2.0,"[0, 6, 8]",0
EC249D2C98D5481E989BB0D86BDA1208,2,False,-2.0,"[0, 4, 6]",1
EC304583F3AC4B45B6B79A840A0443A0,0,False,1.7,"[2, 6]",2
EC304583F3AC4B45B6B79A840A0443A0,1,False,1.7,"[2, 6]",0
EC304583F3AC4B45B6B79A840A0443A0,2,False,-0.8,"[0, 7]",6
EC73623FDBEE432BBA0E4522FA86CCEF,0,False,-1.0,"[1, 6, 8]",4
EC73623FDBEE432BBA0E4522FA86CCEF,1,False,1.0,"[2, 4, 8]",0
EC73623FDBEE432BBA0E4522FA86CCEF,2,False,-2.0,"[0, 9, 7]",5
EC7ABA5A44CB4DEAB5ED3305123D9206,0,False,1.8,"[2, 7]",9
EC7ABA5A44CB4DEAB5ED3305123D9206,1,False,-1.9,"[0, 4, 6]",0
EC7ABA5A44CB4DEAB5ED3305123D9206,2,False,-1.0,"[1, 4]",4
EC8CFCB2A24D4352995BF1A7E7C84F72,0,False,2.0,"[7, 2, 9]",9
EC8CFCB2A24D4352995BF1A7E7C84F72,1,False,-2.0,"[0, 4, 8]",0
EC8CFCB2A24D4352995BF1A7E7C84F72,2,False,-1.0,"[1, 5, 7]",2
ECAEFE5A63CA472C8E6CABBEFAC0539D,0,False,0.7,"[2, 3, 6]",4
ECAEFE5A63CA472C8E6CABBEFAC0539D,1,False,1.0,"[2, 8, 3]",0
ECAEFE5A63CA472C8E6CABBEFAC0539D,2,False,-0.9,"[0, 1, 7]",5
ED09C365DB334C2DB97BA6CC59CB63ED,0,False,2.0,"[2, 9]",7
ED09C365DB334C2DB97BA6CC59CB63ED,1,False,-2.0,"[0, 4, 6]",0
ED09C365DB334C2DB97BA6CC59CB63ED,2,False,-2.0,"[0, 6, 4]",1
ED8FE2061FF04E198CAAE242A35F34FA,0,False,0.7,[2],5
ED8FE2061FF04E198CAAE242A35F34FA,1,False,0.3,[3],0
ED8FE2061FF04E198CAAE242A35F34FA,2,False,1.0,[3],5
EDAF178A22754C45B47201C77F09B745,0,False,0.0,[3],2
EDAF178A22754C45B47201C77F09B745,1,False,1.0,[3],0
EDAF178A22754C45B47201C77F09B745,2,False,-1.0,[1],8
EDC66AD619614781BF78443B643A71A6,0,False,0.0,[2],3
EDC66AD619614781BF78443B643A71A6,1,False,0.0,[3],0
EDC66AD619614781BF78443B643A71A6,2,False,0.0,[0],5
EDDF0C079ADF4853966B5BB3D2AF65FF,0,False,1.8,"[2, 7]",7
EDDF0C079ADF4853966B5BB3D2AF65FF,1,False,-0.8,"[0, 8]",0
EDDF0C079ADF4853966B5BB3D2AF65FF,2,False,-0.2,[1],3
EE3020DF123B44F7940C6C9E23782D55,0,False,1.0,[2],6
EE3020DF123B44F7940C6C9E23782D55,1,False,0.0,"[0, 4, 6]",0
EE3020DF123B44F7940C6C9E23782D55,2,False,0.9,"[8, 4]",4
EE7D17301DC34E73BC6E7AC588C9F2B6,0,False,2.0,[2],7
EE7D17301DC34E73BC6E7AC588C9F2B6,1,False,-2.0,[0],0
EE7D17301DC34E73BC6E7AC588C9F2B6,2,False,-1.0,[1],2
EEEA37655E914F7CAF298B09C263CDF5,0,False,1.0,"[2, 5, 9]",7
EEEA37655E914F7CAF298B09C263CDF5,1,False,0.0,"[3, 4, 8]",0
EEEA37655E914F7CAF298B09C263CDF5,2,False,-0.6,"[0, 8, 6]",5
EF4E4EB37BC44094B55916C73E0085E2,0,False,1.0,"[2, 7, 9]",7
EF4E4EB37BC44094B55916C73E0085E2,1,False,-1.1,"[1, 3, 8]",0
EF4E4EB37BC44094B55916C73E0085E2,2,False,-0.5,"[0, 6, 4]",2
EFEA687FA13B465C949C2CF1E67B555F,0,True,1.1,"[2, 7]",8
EFEA687FA13B465C949C2CF1E67B555F,1,False,-1.0,"[0, 6]",0
EFEA687FA13B465C949C2CF1E67B555F,2,True,-1.9,"[0, 4, 6]",1
F01D18BB0349400C96B39219E576E0C7,0,False,1.0,"[3, 8, 6]",2
F01D18BB0349400C96B39219E576E0C7,1,False,0.9,"[3, 6, 8]",0
F01D18BB0349400C96B39219E576E0C7,2,False,-1.8,"[0, 5, 9]",8
F0BDE18E282144AD923B0B36FA19A2D2,0,False,2.0,[2],5
F0BDE18E282144AD923B0B36FA19A2D2,1,False,1.0,[3],0
F0BDE18E282144AD923B0B36FA19A2D2,2,False,-2.0,"[0, 7]",6
F0D3C814C1154979849D1EDCED3D8801,0,False,0.9,"[3, 4, 8]",5
F0D3C814C1154979849D1EDCED3D8801,1,False,2.0,"[2, 4, 6]",0
F0D3C814C1154979849D1EDCED3D8801,2,True,-0.3,"[1, 4, 6]",4
F1069D2276F342B69B9D1EB340FCEAA2,0,False,0.0,"[2, 7, 8]",7
F1069D2276F342B69B9D1EB340FCEAA2,1,False,0.0,"[1, 3, 6]",0
F1069D2276F342B69B9D1EB340FCEAA2,2,False,0.0,"[1, 4, 8]",5
F1558B0C261349D3A3A5228159BD3D6E,0,False,2.0,[2],7
F1558B0C261349D3A3A5228159BD3D6E,1,False,0.0,"[4, 8]",0
F1558B0C261349D3A3A5228159BD3D6E,2,False,-1.0,[1],1
F195FB9A6E66495FBF1789FA639871B7,0,False,2.0,"[2, 5]",9
F195FB9A6E66495FBF1789FA639871B7,1,False,-1.8,"[0, 4, 6]",0
F195FB9A6E66495FBF1789FA639871B7,2,False,-2.0,"[0, 4, 6]",1
F1B6656EA15449E2969826EB4BEA238A,0,True,1.0,[3],6
F1B6656EA15449E2969826EB4BEA238A,1,False,-1.0,[1],0
F1B6656EA15449E2969826EB4BEA238A,2,True,-1.0,[1],4
F1D2763E403A4134AD2B97B073378695,0,False,-0.2,[3],3
F1D2763E403A4134AD2B97B073378695,1,False,1.2,[2],0
F1D2763E403A4134AD2B97B073378695,2,False,-0.4,[0],7
F1E7487E0AD3425E99BD538E9B582FD2,0,False,1.1,[2],3
F1E7487E0AD3425E99BD538E9B582FD2,1,False,0.7,[1],0
F1E7487E0AD3425E99BD538E9B582FD2,2,False,-0.3,"[7, 9, 0]",7
F29184B2093B49E7A7FAEA972C2241AD,0,False,1.6,"[9, 7, 2]",9
F29184B2093B49E7A7FAEA972C2241AD,1,False,0.6,"[3, 6, 8]",0
F29184B2093B49E7A7FAEA972C2241AD,2,False,-0.9,[0],1
F3BE0BE35887428896C265BD94A9DFE1,0,True,1.4,"[7, 2, 5]",4
F3BE0BE35887428896C265BD94A9DFE1,1,False,-1.4,"[0, 6, 4]",0
F3BE0BE35887428896C265BD94A9DFE1,2,True,-1.6,"[0, 6, 4]",0
F422A34462A24704B4C26D0849ED8D24,0,False,2.0,"[2, 8]",4
F422A34462A24704B4C26D0849ED8D24,1,False,0.0,"[5, 8, 6]",0
F422A34462A24704B4C26D0849ED8D24,2,False,-1.1,"[0, 4, 8]",6
F4991DAF2A83411F824A7A33482FA5C7,0,False,2.0,"[2, 7, 3]",7
F4991DAF2A83411F824A7A33482FA5C7,1,False,-1.4,"[1, 4, 8]",0
F4991DAF2A83411F824A7A33482FA5C7,2,False,-1.7,"[8, 4, 0]",2
F50C8AC24B8A44A687AD078C1345FDA7,0,True,1.0,"[3, 6, 8]",3
F50C8AC24B8A44A687AD078C1345FDA7,1,False,2.0,"[2, 6, 8]",0
F50C8AC24B8A44A687AD078C1345FDA7,2,False,-1.1,[1],8
F5635A9E34BE4AC092FFF6347D089D22,0,False,2.0,"[2, 7, 9]",6
F5635A9E34BE4AC092FFF6347D089D22,1,False,-2.0,[0],0
F5635A9E34BE4AC092FFF6347D089D22,2,False,-2.0,"[0, 4, 8]",0
F61EC12260604E5FAE973F613EE978CB,0,False,1.0,"[2, 6, 8]",4
F61EC12260604E5FAE973F613EE978CB,1,False,1.0,"[2, 8, 6]",0
F61EC12260604E5FAE973F613EE978CB,2,False,-1.6,"[0, 7]",7
F655BEB65E55476C9E6EFC6FAA13B39A,0,False,2.0,"[2, 5]",8
F655BEB65E55476C9E6EFC6FAA13B39A,1,False,-1.9,[0],0
F655BEB65E55476C9E6EFC6FAA13B39A,2,False,-1.0,"[0, 6]",1
F6C2C2975E2D47A29BB1DC4817243718,0,True,0.3,"[4, 6, 8]",2
F6C2C2975E2D47A29BB1DC4817243718,1,False,0.3,"[4, 6, 8]",0
F6C2C2975E2D47A29BB1DC4817243718,2,True,0.3,"[4, 6, 8]",4
F82D519FB0BA40059E93AC35E1735EA5,0,False,0.0,"[2, 8, 4]",5
F82D519FB0BA40059E93AC35E1735EA5,1,False,0.9,"[3, 4, 8]",0
F82D519FB0BA40059E93AC35E1735EA5,2,False,-1.9,"[0, 8, 4]",5
F8DF3CAD316D4F439A7843444353D542,0,False,-0.9,"[8, 4, 1]",3
F8DF3CAD316D4F439A7843444353D542,1,False,1.0,"[2, 8, 5]",0
F8DF3CAD316D4F439A7843444353D542,2,True,0.3,"[0, 8, 4]",6
F906CA5875284A318549A5D130F505E5,0,True,0.0,"[2, 6]",2
F906CA5875284A318549A5D130F505E5,1,False,0.0,"[2, 6]",0
F906CA5875284A318549A5D130F505E5,2,True,0.0,"[0, 6]",4
F95CB19F5477411AB2B6634A2E622DEB,0,False,0.0,[2],6
F95CB19F5477411AB2B6634A2E622DEB,1,False,-1.6,[0],0
F95CB19F5477411AB2B6634A2E622DEB,2,False,-0.3,[1],4
F9DFE8E594884E1086A7F5D086514CD0,0,False,1.3,[2],4
F9DFE8E594884E1086A7F5D086514CD0,1,False,0.5,[2],0
F9DFE8E594884E1086A7F5D086514CD0,2,False,-1.7,"[0, 7]",3
FA3C2313B81444E09C7821BF4B9C18AA,0,False,0.1,"[5, 6, 4]",6
FA3C2313B81444E09C7821BF4B9C18AA,1,False,-2.0,"[0, 4]",0
FA3C2313B81444E09C7821BF4B9C18AA,2,False,-2.0,"[0, 6, 4]",3
FA3FF896F6C042AF9470C7FDFF501CB4,0,True,0.5,"[6, 3, 8]",5
FA3FF896F6C042AF9470C7FDFF501CB4,1,False,1.0,"[3, 4, 8]",0
FA3FF896F6C042AF9470C7FDFF501CB4,2,True,0.3,"[3, 8]",6
FA7F3FEDDEA144798AE6BB8AAACB216A,0,False,2.0,"[2, 9]",9
FA7F3FEDDEA144798AE6BB8AAACB216A,1,False,-1.6,"[0, 4, 6]",0
FA7F3FEDDEA144798AE6BB8AAACB216A,2,False,-2.0,"[0, 4, 8]",1
FB28CA496D3F447E927A834AB1E016C2,0,False,1.2,[1],8
FB28CA496D3F447E927A834AB1E016C2,1,False,-1.0,[0],0
FB28CA496D3F447E927A834AB1E016C2,2,False,1.2,[3],2
FB3470D2AEE54AA5A983AF6D7B65592B,0,False,0.5,[3],6
FB3470D2AEE54AA5A983AF6D7B65592B,1,False,0.0,"[1, 3]",0
FB3470D2AEE54AA5A983AF6D7B65592B,2,False,-0.5,[0],2
FC5812DA5DAE492EAFC02135253774BB,0,True,0.0,"[2, 7, 9]",3
FC5812DA5DAE492EAFC02135253774BB,1,False,0.0,"[3, 6, 8]",0
FC5812DA5DAE492EAFC02135253774BB,2,False,0.0,"[0, 4, 8]",6
FC6B6A15681642238D14BEEB186A85C9,0,False,0.0,[2],4
FC6B6A15681642238D14BEEB186A85C9,1,False,0.0,"[2, 6, 8]",0
FC6B6A15681642238D14BEEB186A85C9,2,False,0.0,[0],7
FD0F66F303254868A810F2EBAEEBEE9A,0,True,-0.6,[1],6
FD0F66F303254868A810F2EBAEEBEE9A,1,False,0.9,"[3, 2]",0
FD0F66F303254868A810F2EBAEEBEE9A,2,True,-0.9,[5],5
FDDE215B1BD34DB09091F2D0E6A22787,0,False,2.0,"[2, 5]",9
FDDE215B1BD34DB09091F2D0E6A22787,1,False,-1.6,[0],0
FDDE215B1BD34DB09091F2D0E6A22787,2,False,-2.0,"[0, 4]",1
FE5C856C9ADC441B86D20593084A5A48,0,False,0.0,"[2, 5, 9]",7
FE5C856C9ADC441B86D20593084A5A48,1,False,0.0,"[1, 6, 8]",0
FE5C856C9ADC441B86D20593084A5A48,2,False,0.0,"[0, 4, 6]",2
FEAFA16580DF409F86440C2E1F75D57A,0,True,2.0,[2],6
FEAFA16580DF409F86440C2E1F75D57A,1,False,-2.0,[0],0
FEAFA16580DF409F86440C2E1F75D57A,2,True,-2.0,[0],0
FF11844685044ADA9F7EFA1BC48E218E,0,False,0.0,"[0, 5, 7]",3
FF11844685044ADA9F7EFA1BC48E218E,1,False,0.0,"[2, 4, 6]",0
FF11844685044ADA9F7EFA1BC48E218E,2,False,0.0,"[1, 4, 9]",5
FF40BA6EEE334B3F9B0FD70FA92C65E1,0,False,0.8,"[2, 3, 7]",5
FF40BA6EEE334B3F9B0FD70FA92C65E1,1,False,-1.8,"[6, 8, 4]",0
FF40BA6EEE334B3F9B0FD70FA92C65E1,2,False,0.9,"[1, 4, 8]",0
FF462B68F49E4453B1ADD13C7A4B3B9A,0,False,1.3,"[2, 8, 4]",3
FF462B68F49E4453B1ADD13C7A4B3B9A,1,False,1.4,"[2, 4, 8]",0
FF462B68F49E4453B1ADD13C7A4B3B9A,2,True,-1.0,"[0, 4, 5]",7
FF854281668C48FAA54A34EB2E297580,0,True,0.0,"[1, 8]",4
FF854281668C48FAA54A34EB2E297580,1,False,-1.0,"[1, 8, 6]",0
FF854281668C48FAA54A34EB2E297580,2,False,1.0,"[1, 5]",6
FF9C24AEDDAC4F50B5C072C0AAE0C15A,0,True,2.0,"[2, 7, 9]",10
FF9C24AEDDAC4F50B5C072C0AAE0C15A,1,False,-2.0,"[0, 8, 4]",0
FF9C24AEDDAC4F50B5C072C0AAE0C15A,2,False,-1.3,"[4, 0, 8]",1
